"Kayıt No",Başlık,DOI,Yazar,"Yazar Detayı",Çevirmen,"Çevirmen Detayı","Anahtar Kelimeler","Dergi Adı",ISSN,e-ISSN,Yayımcı,Yıl,Cilt,Sayı,Sayfalar,Öz,Kaynakça,Konular,"Birincil Dil","Yayın Türü","Gönderilme Tarihi","Kabul Tarihi","Destekleyen Kurum","Proje Numarası"
1539662,"Osmanlı Hukukunda Farklı Fıkhî Görüşlerin Tercih Edilmesi: Ölüm Cezası Örneği",10.34247/artukluakademi.1539662,"Suat Erdoğan (Düzce Üniversitesi İlahiyat Fakültesi)","Suat Erdoğan | ORCID: 0000-0002-0051-1244 | Düzce Üniversitesi İlahiyat Fakültesi | Düzce Üniversitesi İlahiyat Fakültesi",,,"Osmanlı Hukuku,Fıkıh Mezhepleri,Suç,Ceza,Fesat,Ölüm Cezası","Artuklu Akademi",2148-3264,2687-427X,"Mardin Artuklu Üniversitesi",2024,11,2,318-337,"Bu çalışmada Hanefî fıkıh ekolü başta olmak üzere diğer fıkıh ekollerinin görüşlerinin Osmanlı ceza hukukuna yansımaları araştırılmaktadır. Hanefî mezhebinde kısasın affedilmesi durumunda herhangi bir cezadan söz edilmemesine karşılık, Şâfiî ve Mâlikîlerde, kamu otoritesine faile ta‘zîr cezası verme yetkisi tanınmaktadır. Osmanlı hukukunda da benzer bir şekilde faile ta‘zîr cezası verildiği arşiv kayıtlarından anlaşılmaktadır. Çalışmada Osmanlı ceza hukukunda ayrı bir anlam kazanan “sa‘y bi’l-fesad” suçlamasıyla çok sayıda farklı suç için “siyaseten katl” cezası verilmesi klasik Hanefî doktrini açısından incelenmektedir. Bu kapsamda öncelikle zındıklık ve Hz. Peygamber’e hakaret suçları hakkındaki uygulamalar kanunnâmeler, fetvâ mecmuaları ve arşiv kayıtları üzerinden araştırılmakta ve söz konusu suçlar için uygulanan cezalar, Hanefî fıkıh ekolü başta olmak üzere diğer fıkıh ekollerinin görüşleri ile karşılaştırılmaktadır. Dönemin sosyal ve siyasî şartlarının etkisiyle, Hanefî mezhebi içerisindeki zayıf görüşlerin tercihi ve sözü edilmese de diğer mezheplerden yapılan iktibaslarla, Osmanlı ceza hukukunda klasik Hanefî doktrinine göre cezaların ağırlaştırıldığı anlaşılmaktadır.",,"İslam Hukuku",tr,"Araştırma Makalesi",2024-08-27,2024-10-26,,
1213196,"Murteza Bedir, Fıkıh Mezhep Sünnet: Hanefi Fıkıh Teorisinde Peygamber’in Otoritesi, (İstanbul: Dem Yayınları, 2017, 2. Baskı, 240 sayfa)",10.33415/daad.1213196,"Serdar Özalp (İSTANBUL ÜNİVERSİTESİ, İLAHİYAT FAKÜLTESİ, İLAHİYAT PR.)","Serdar Özalp | ORCID: 0000-0002-6466-1583 | İSTANBUL ÜNİVERSİTESİ, İLAHİYAT FAKÜLTESİ, İLAHİYAT PR. | İSTANBUL ÜNİVERSİTESİ, İLAHİYAT FAKÜLTESİ, İLAHİYAT PR.",,,"İslam Hukuku,Fıkıh Usûlü,Mezhep,Hanefî Mezhebi,Sünnet","Dinbilimleri Akademik Araştırma Dergisi",,1303-9199,"Yavuz ÜNAL",2023,23,1,433-448,"Hanefî mezhebi özelinde hazırlanan bu eser, klasik dönemdeki fıkıh usûlü algısının yanında, moderniteyle birlikte gelen fıkıh usûlü algısı arasındaki değişimi göstermesi bakımından önemli bir yere sahiptir. Eserde Hanefî mezhebinin teşekkülünden modernitenin etkisi altına girilen 19. yüzyıla kadarki süreçte fıkıh usûlü delillerinden biri olan sünnetin geçirmiş olduğu evreler, fıkıh usûlü eserleri üzerinden ele alınmaktır. Bu değerlendirmemiz, eserin tanıtılmasının yanında, modern dönemde yazılan fıkıh usûlü eserlerine yeri geldiğinde atıflar yaparak eserde ortaya konan tezin daha iyi anlaşılmasına katkı sağlamayı hedeflemektedir.",,"Din, Toplum ve Kültür Araştırmaları ",tr,"Kitap İncelemesi",2022-12-01,2023-03-23,,
621130,"Memlûkler Dönemi Hanefî Fıkıh Düşüncesinin İlk Dönem Osmanlı Fıkıh Çalışma-larına Etkisi",10.18505/cuid.621130,"Bekir Karadağ (MUŞ ALPARSLAN ÜNİVERSİTESİ)","Bekir Karadağ | ORCID: 0000-0003-4317-1478 | MUŞ ALPARSLAN ÜNİVERSİTESİ | MUŞ ALPARSLAN ÜNİVERSİTESİ",,,"Memlûkler Dönemi,Fıkıh,Hadis,Hanefî Mezhebi,Memzûc Usûl,Osmanlılar","Cumhuriyet İlahiyat Dergisi",2528-9861,2528-987X,"Sivas Cumhuriyet Üniversitesi",2019,23,2,813-829,"<p class=""MsoNormal"" style=""text-align:justify;margin:3pt 0cm;text-indent:0cm;""><span lang=""en-gb"" style=""font-size:9pt;font-family:'Gentium Plus';"" xml:lang=""en-gb""><span style=""font-size:14px;"">Bu
makalede Memlûkler dönemi Hanefî fıkıh düşüncesinin ilk dönem Osmanlı fıkıh
çalışmaları üzerindeki etkisi incelenmiştir. 
</span><span style=""font-size:14px;"">Bu dönemde Memlûklerin yönetimi altında bulunan Mısır ve Şam bölgeleri
İslam dünyasının en önemli ilim merkezleri haline geldiği için Memlüklerin ilim
seviyesinin Osmanlılardan bir hayli üstün olduğu anlaşılmaktadır. Bu vesileyle
Osmanlı ilim camiasının öncü isimleri sayılan birçok âlim Mısır ve Şam
bölgelerine yönelmişler ve oradaki ilmi birikimden istifade etmişlerdir. Öyle
ki Osmanlı ilim çevresinin oluşmasında etkin rol oynayan bu âlimler eğitimlerini
Memlûklerin yönetimi altındaki Şam ve Mısır’da tamamlayarak Memlûk eğitim
sisteminden mezun olmuşlar ve Osmanlı ilim anlayışının teşekkül etmesinde
önemli roller üstlenmişlerdir. Bu dönemde Memlûkler ilim camiasında etkin olan
Hanefî fakihler, Osmanlı ilim camiasında önde gelen isimlerin yetişmesine katkı
sunmuş ve bu düşünce onların ilim anlayışları üzerinde etkili olmuşlardır. Bu
bağlamda Osmanlıların ilk dönemindeki fıkıh çalışmalarının, kendine has
özellikleri bulunan Memlûk Hanefîlerinden etkilendiğini söylemek
mümkündür.</span><span style=""font-size:14px;"">  </span><span style=""font-size:14px;"">Memlûkler dönemi Hanefî
düşüncesinin iki temel özelliği olan hadis merkezli fıkıh düşüncesi ve memzûc
yöntem fıkıh usûlü anlayışı ilk dönem Osmanlı fıkıh eserlerinde hissedilir bir
şekilde görülmektedir. </span></span></p><p></p><p class=""MsoNormal"" style=""margin-bottom:12pt;text-align:justify;text-indent:1cm;line-height:150%;""><span style=""font-size:14px;"">

</span></p><p class=""MsoNormal"" style=""text-align:justify;margin:3pt 0cm;text-indent:0cm;""><b><span style=""font-size:14px;font-family:'Gentium Plus';"">Özet:</span></b><span style=""font-size:14px;font-family:'Gentium Plus';""> </span><span lang=""en-gb"" style=""font-size:9pt;font-family:'Gentium Plus';"" xml:lang=""en-gb""><span style=""font-size:14px;"">Bu makalede Memlûkler dönemi Hanefî fıkıh düşüncesinin ilk dönem Osmanlı
fıkıh çalışmaları üzerindeki etkisi ele alınmaktadır. Osmanlılar, kuruluş ve
yükseliş dönemlerinde henüz ilmi bir gelenek oluşturmamışken, birçok Memlük
şehri İslam dünyasının ilim merkezi olması konusunda Bağdat’ın yerine
geçmişlerdir. Zira Moğol istilası, haçlı seferleri ve Endülüs’ün yıkılmaya yüz
tutması gibi nedenlerle yerlerinden olan birçok âlim Memlüklerin hâkim olduğu
şehirlere göç ederek oraya yerleşmişlerdir. Özellikle bu dönemde Memlûklerin
yönetimi altında bulunan Mısır ve Şam bölgeleri İslam dünyasının en önemli ilim
merkezleri haline gelmiştir. Bu bakımdan 14.-16. yüzyıllarda Memlüklerin ilim
seviyesinin Osmanlılardan bir hayli üstün olduğu kabul edilmektedir.</span><span style=""font-size:14px;"">  </span><span style=""font-size:14px;"">Bu vesileyle Osmanlı ilim camiasının öncü
isimleri sayılan birçok âlim Mısır ve Şam bölgelerine yönelmişler ve oradaki
ilmi birikimden istifade etmişlerdir. Osman Gazi’nin hocası ve kayınpederi Şeyh
Edebâli, Davud-ı Kayserî,</span><span style=""font-size:14px;"">  </span><span style=""font-size:14px;"">Şeyh
Bedreddin,</span><span style=""font-size:14px;"">  </span><span style=""font-size:14px;"">Molla Fenârî, Molla Gürânî bu
alimlerden bazılarıdır. Bunların dışında Muhsin-i Kayserî, Germiyanlı Şair
Ahmedî, Hacı Paşa olarak bilenen Celâleddin Hızır, İbnü’l-Cezerî ve İbn Arabşâh
gibi âlimler de Mısır ve Şam bölgelerinde ilim tahsilinde bulunmuşlardır.
Osmanlı ilim çevresinin oluşmasında etkin rol oynayan bu âlimler eğitimlerini
Memlûklerin yönetimi altındaki Şam ve Mısır’da tamamlayıp Memlûk eğitim
sisteminden mezun olduktan sonra Osmanlı ilim anlayışının teşekkül etmesinde
önemli roller üstlenmişlerdir. Şeyh Edebâlî, Osmanlı’nın ilmî ve manevî
önderlerinden biri kabul edilmiştir.</span><span style=""font-size:14px;""> 
</span><span style=""font-size:14px;"">Davud-ı Kayserî,</span><span style=""font-size:14px;"">  </span><span style=""font-size:14px;"">ilk Osmanlı
Medresesi olan İznik medresesinin ilk baş müderrisliği görevini yürütmüştür.
Molla Fenârî,</span><span style=""font-size:14px;"">  </span><span style=""font-size:14px;"">ilk Osmanlı şeyhülislamı
olma ayrıcalığına sahip olmuştur. Molla Gürânî, Fatih Sultan Mehmed’in
hocalığını yapmaya nail olmuştur. Bu dönemde Memlûkler ilim camiasında etkin
olan Hanefî fakihler, Osmanlı ilim camiasında önde gelen isimlerin yetişmesine
katkı sunmuşlardır. Molla Fenârî, Seyyid Şerif Cürcânî,</span><span style=""font-size:14px;"">  </span><span style=""font-size:14px;"">Şeyh Bedreddin ve Şair Ahmedî gibi isimler
Mısır’da dönemin önemli Hanefî fakihlerinden olan Bâbertî’den ders almışlardır.
Memlükler dönemi Hanefî fıkıh düşüncesi ilk dönem Osmanlı fıkıh çalışmaları
üzerinde etkili olmuştur ki,</span><span style=""font-size:14px;"">  </span><span style=""font-size:14px;"">Osmanlı
medreselerinde eğitim alan fakihler de Memlük Hanefî fakihlerinden
etkilenmişlerdir. Bu bağlamda Molla Hüsrev, Memlüklerin hâkimiyetinde olan
bölgelere gitmemesine rağmen, eserinin birçok yerinde önde gelen Memlük Hanefî
fakihleri olan Zeyla‛î ve Bâbertî’ye atıflarda bulunmaktadır. Memlûkler dönemi
Hanefî düşüncesinin iki temel özelliği olan hadis merkezli fıkıh düşüncesi ve
memzûc yöntem fıkıh usûlü anlayışlarıdır. Memlükler döneminde Hanefî mezhebinde
daha öncesinde pek görülmeyen hadis çalışmaları yapılmıştır. Bu dönemde İbn
Balabân, İbn Türkmânî, Zeylaʻî, Kuraşî, Moğultay b. Kılıç, Bedruddin Aynî, İbn
Kutluboğa, Serûcî, Bâbertî, İbnü’l-Hümâm, İbnü’l-Adîm gibi Hanefî fakihler
hadis alanında mesai harcamışlardır. Bunlar hadis uzmanlığı gerektiren
çalışmaları ile Hanefî mezhebindeki hadis ilmi konusundaki eksikliği gidermeye
çalışmışlardır. Bu fakihlerin hadis alanındaki çalışmalarının bir sonucu olarak
Memlükler dönemindeki fıkıh çalışmalarında sıklıkla temel hadis kaynaklarına
yer verilmiş ve hadis tahricleri yapılmaya başlanmıştır.</span><span style=""font-size:14px;"">  </span><span style=""font-size:14px;"">Memlükler dönemi Hanefî fakihlerin fıkıh
düşüncesinde önemli yeri olan bu anlayışın etkisi, ilk dönem Osmanlı fıkıh
eserlerinde hissedilir bir şekilde görülmektedir.</span><span style=""font-size:14px;"">  </span><span style=""font-size:14px;"">Bu bağlamda Molla Hüsrev, kendisinden önce
Mısır’da eğitim alan ilk dönem Osmanlı fakihlerinin de etkisiyle söz konusu
eserinde yer yer temel hadis kaynaklarına yer vermiş ve bazen hadislerin
sıhhatı hakkında bilgi vermiştir.</span><span style=""font-size:14px;"">  </span><span style=""font-size:14px;"">Buna
karşın Osmanlı dönemi fıkıh eserlerinde bu hususun Memlük Hanefî fukahâsıyla
mukayese edildiğinde oldukça yetersiz olduğunu söylemek mümkündür.
İbnü’l-Hümâm’ın </span><i><span style=""font-size:14px;"">Fethu’l-kadîr’</span></i><span style=""font-size:14px;"">i ile onu tamamlamak için Kādızâde’nin
etlif ettiği </span><i><span style=""font-size:14px;"">Netâicu’l-efkâr</span></i><span style=""font-size:14px;""> adlı eserleri bu konuda mukayese
edilebilir. Bunun dışında aynı dönemde yaşamış olan Şürünbülâlî ile Damad
Efendi olarak bilinen Şeyhîzâde arasında bu hususta farklı tutumların olduğu
görülmektedir. Osmanlı dönemi Mısır âlimlerinden olan Şürünbülâlî, </span><i><span style=""font-size:14px;"">Merâki’l-felâh
</span></i><span style=""font-size:14px;"">adlı eserinde genellikle hadisleri temel hadis kaynaklarından verirken;
Şeyhîzâde, </span><i><span style=""font-size:14px;"">Mecma‛ü’l-enhur</span></i><span style=""font-size:14px;""> adlı eserinde bu hususa pek riayet etmemiş ve
nadiren temel hadis kaynaklarına yer vermiştir. Bu farklılıklar ilmi çevrenin
gerektirdiği ihtiyaç ile açıklanabilir. Zira Mısır ve çevresinde Hanefîlerin
hadis bilmemek ve hadis kullanmamakla itham edildiği için bu bölgede yaşayan
Hanefî fakihleri, hadis konusunda daha titiz olmaya yönlendirmiş olmalıdır.
Fakat diğer Osmanlı bölgelerinde yaşayan Hanefî fakihlerin böyle bir problemi
olmadığından muhtemelen hadislerin iktibasında temel hadis kaynaklarını
referans alma ihtiyacı hissetmemişlerdir. Dolayısıyla ilim muhitinin farklı
olması ve bu doğrultuda ortaya çıkan ihtiyaç, aynı dönemde yaşayan fakihlerin
farklı tutum geliştirmelerine yol açtığı söylenebilir. İbnu’s-Sââtî ile
başlayan memzûc (karma) yöntem, h. 8. asırda özellikle Hanefî fakihlerin fıkıh
usûlü düşüncesi üzerinde etkili olmuştur. Memzûc yöntemin ilk ismi olan
İbnu’s-Sââtî’nin, Memlûkler dönemi âlimlerinden olmamasına rağmen onun
başlattığı etki, Memlûkler döneminde daha fazla ortaya çıkmış ve Memlûkler
dönemi Hanefî fıkıh düşüncesinin karakteristik özelliklerinden biri olmuştur.
Bundan dolayı bu dönmede Hanefî fakihlerin ekseriyetinin memzûc yönteme sahip
olduğu anlaşılmaktadır.</span><span style=""font-size:14px;"">  </span><span style=""font-size:14px;"">Bunun yanında
Mısır ve çevresinde eğitim alan Osmanlı fakihlerinin memzûc tarzda usûl
eserleri yazdıkları görülmektedir. Molla Fenârî’nin </span><i><span style=""font-size:14px;"">Fusûlü’l-Bedâyi</span></i><span style=""font-size:14px;""> adlı
eseri bunun en önemli örneğidir. Dahası Mısır ve çevresine gitmemiş olan Molla
Hüsrev bile memzûc tarzda </span><i><span style=""font-size:14px;"">Mir’âtü’l-Usûl</span></i><span style=""font-size:14px;""> adında bir eser yazmıştır. Söz
konusu iki müellifin eserleri, Osmanlı fakihlerinin Memlûklerden etkilendiğini
göstermektedir. Sonuç olarak Osmanlıların ilk dönemindeki fıkıh çalışmalarının,
kendine has özellikleri bulunan Memlûk Hanefîlerinden etkilendiğini söylemek
mümkündür.</span><span style=""font-size:14px;"">  </span><span style=""font-size:14px;"">Hadis merkezli fıkıh
düşüncesi ve memzûc fıkıh usûlü anlayışı Osmanlı ilk dönem fıkıh çalışmaları
üzerinde etkili olmuştur. </span><b></b></span></p><p><b></b></p><b></b><p></p>",,"Din Araştırmaları",tr,"Araştırma Makalesi",2019-09-17,2019-12-02,,
1223329,"Murat Şimşek, İmam Ebû Hanîfe ve Hanefîlik, Hacıveyiszade İlim ve Kültür Vakfı Yayınları, Konya 2019, 399 s.",,"Mahmut Samar (OSMANİYE KORKUT ATA ÜNİVERSİTESİ, İLAHİYAT FAKÜLTESİ)","Mahmut Samar | OSMANİYE KORKUT ATA ÜNİVERSİTESİ, İLAHİYAT FAKÜLTESİ | OSMANİYE KORKUT ATA ÜNİVERSİTESİ, İLAHİYAT FAKÜLTESİ",,,"İslam Hukuku,Kitap İncelemesi,Murat Şimşek","İslam Hukuku Araştırmaları Dergisi",1304-1045,2791-9730,"Gençleri Evlendirme ve Mehir Vakfı",2019,,33,681-688,"Fıkıh tarihinin en önemli iki öğesi mezhep ve kurucu imamdır. Tarihi süreç içerisinde kısmen bölgesel kısmen de metodolojik farlılıklara bağlı olarak onlarca fıkıh mezhebi ortaya çıkmıştır. Bilindiği üzere kronolojik sıra itibariyle oluşumunu tamamlayan ilk mezhep Hanefî mezhebidir. Hanefî mezhebinin -hatta bir bütün olarak fıkıh ilminin- kurucu imamı Ebû Hanîfe’dir. Bu nedenle fıkıh tarihinde Ebû Hanîfe ve Hanefîlik önemli bir yeri haizdir. İşte tanıtımını yapacağımız eser, bu çerçevede Murat ŞİMŞEK tarafından kaleme alınmış önemli bir çalışmadır.",,"Din, Toplum ve Kültür Araştırmaları ",tr,"Kitap İncelemesi",2018-11-01,,,
689974,"Hanefî Mezhebinin Teşekkül Sürecinde Alkame b. Kays’ın (ö. 62/682) Yeri",10.28949/bilimname.689974,"Mahmut Samar (Ankara Sosyal Bilimler Üniversitesi İslami İlimler Fakültesi)","Mahmut Samar | ORCID: 0000-0003-0268-9115 | Ankara Sosyal Bilimler Üniversitesi İslami İlimler Fakültesi | Ankara Sosyal Bilimler Üniversitesi İslami İlimler Fakültesi",,,"Fıkıh,Hanefilik,Alkâme b. Kays",Bilimname,1304-1878,2148-5860,"Erciyes Üniversitesi",2020,2020,41,633-662,"<div style=""text-align:justify;""><span style=""font-size:.9em;"">İslam hukuk tarihinde fıkıh mezheplerinin ortaya çıkışı hicri üçüncü yüzyıla denk gelmektedir. Ancak mezheplerin oluşum süreci ilk kaynağa doğru müteselsil bir bilgi, düşünce ve hoca ağına dayanır.  Bu anlamda sahâbe döneminden itibaren farklı bölgelerde kurulan fıkıh okullarının birikimi nesilden nesile aktarıldı. Bu aktarım gelişerek mezheplerin teşekkülüne kadar devam etti. Fıkıh geleneği olarak ifade edilen bu süreçte hoca halkasının önemi büyüktür. Buradan hareketle Hanefî mezhebinin ve doğal olarak kurucusu olan İmam Ebû Hanîfe’nin yetiştiği ve bağlı olduğu fıkıh mektebi, sonradan ehl-i re’y olarak temayüz eden Kûfe merkezli Irak fıkhıdır. Kaynaklar bu geleneğin hocalar silsilesini Abdullah b. Mes‘ûd, Alkame b. Kays, İbrahim en-Nehaî, Hammâd b. Ebî Süleyman ve Ebû Hanîfe şeklinde kaydeder. Halkada adı geçen şahısların her biri Hanefî mezhebinin oluşumunda farklı bir role sahiptir. İşte bu çalışma Alkame b. Kays’ın Kûfe fıkıh mektebinin oluşturduğu re’yci düşünce neticesinde tarih sahnesinde yer alan ve günümüze kadar etkisini sürdürmeyi başaran Hanefî mezhebinin oluşumundaki rolünü/etkisini ortaya koyma hedefiyle kaleme alınmıştır. Bu çerçevede gerek fıkıh usulü gerekse de fıkha dair ona ait görüşlerin Hanefî mezhebine ne ölçüde kaynaklık ettiğinin tespiti üzerinde durulacaktır. Ayrıca onun yetiştirdiği seçkin talebeleri aracılığıyla Hanefî fıkhına ne ölçüde katkıda bulunduğunun izleri sürülecektir. Bu amaçla çalışma, iki temel başlıktan oluşacaktır. Birinci başlıkta kısaca Alkame b. Kays’ın hayatı ve ilmî kişiliği üzerinde durulacaktır. İkinci başlık altında ise Alkame’nin fıkhî görüşleri ve bu görüşlerin Hanefî mezhebinde ne ölçüde yer bulduğu gibi konular ele alınacaktır.</span></div>",,,tr,"Araştırma Makalesi",2020-02-16,2020-04-24,,
513991,"İmam Serahsî’nin Hanefî Haber Teorisinin Oluşumundaki Rolü",,"Fatih Orhan (ÇUKUROVA ÜNİVERSİTESİ, İLAHİYAT FAKÜLTESİ)","Fatih Orhan | ORCID: 0000-0003-4076-9984 | ÇUKUROVA ÜNİVERSİTESİ, İLAHİYAT FAKÜLTESİ | CUKUROVA UNIVERSITY, FACULTY OF THEOLOGY",,,"Usûl,Fıkıh,Hanefî,Serahsî,Haber Teorisi","Eskişehir Osmangazi Üniversitesi İlahiyat Fakültesi Dergisi",2147-8171,2980-1109,"Eskişehir Osmangazi Üniversitesi",2019,6,10,39-60,"<p class=""MsoNormal"" align=""center"" style=""text-align:center;text-indent:0cm;""><span style=""font-family:'Times New Roman', serif;font-size:.9em;"">Hanefî haber teorisinin temelleri, Küfe ekolünün önde gelen isimlerinden Îsâ
b. Ebân ve Cessâs tarafından atılmış olmakla birlikte bu teorinin sistematik
hale getirilmesi Hanefî usulünün kurucusu kabul edilen Debûsî, Pezdevî ve
Serahsî üçlüsü ile mümkün olmuştur. Bu açıdan her üç müçtehidin yazmış
oldukları usûl eserleri Hanefî fıkıh usûlünün klasik eserleri arasında önemli
bir yere sahiptir.</span><br /></p>

<p class=""MsoNormal""><span lang=""tr"" style=""line-height:150%;font-family:'Times New Roman', serif;"" xml:lang=""tr"">Serahsî’nin yazmış olduğu fıkıh usûlü eseri, bir ders kitabı niteliğinde
olmaktan ziyade konunun uzmanlarına hitap edecek tarzda ayrıntılı bir biçimde
yazılmıştır. Serahsî kitabında Hanefî haber teorisini ele alırken bu üslubunu
devam ettirmiş ve diğer usûl kitaplarında hiç ele alınmayan, ayrıntı kabul
edilebilecek farklı konulara değinmiştir. Hanefî haber teorisinde çokça
tartışılan, âhâd haberin kabulüne ilişkin ileri sürülen ‘râvinin fakih olması’
şartı üzerinde durması yanında daha çok mütevatir haber ve onun bilgi değerine
önem atfetmiş ve konuyu bu noktada detaylandırmıştır. Biz bu çalışmada genel
olarak Serahsî'nin, Hanefî haber teorisine ve dolayısıyla fıkıh usûlü ilmine sunmuş
olduğu katkıyı tespit etmeye ve sunmaya çalışacağız.</span></p><p></p>",,"Din Araştırmaları",tr,"Araştırma Makalesi",2019-01-17,2019-02-27,,
739194,"Fıkıh Usûlü Kelâm İlişkisi “Hicri VII. Asra Kadar Hanefî Usûlü Bağlamında”",10.56361/usul.739194,"Muhammet Varelci (RECEP TAYYİP ERDOĞAN ÜNİVERSİTESİ)","Muhammet Varelci | ORCID: 0000-0003-1963-7717 | RECEP TAYYİP ERDOĞAN ÜNİVERSİTESİ | RECEP TAYYİP ERDOĞAN ÜNİVERSİTESİ",,,"usûl,kelam,hanefî usûlcüler","Usul İslam Araştırmaları",1305-2632,2147-8279,"İstanbul Sabahattin Zaim Üniversitesi",2020,34,34,332-338,"Mehmet Sait Arvas’ın hazırlamış olduğu doktora tezinin kitaplaştırılmış hali olan Fıkıh Usûlü Kelâm İlişkisi isimli bu çalışmada da fıkıh usûlü ve kelâm disiplinlerinin birbiriyle olan ilişki ve irtibatı ilk dönem Hanefî usûlcüleri bağlamında ve kelâm ekolleriyle mukayeseli olarak ele alınıyor. Mehmet Sait Arvas’ın hazırlamış olduğu doktora tezinin kitaplaştırılmış hali olan Fıkıh Usûlü Kelâm İlişkisi isimli bu çalışmada da fıkıh usûlü ve kelâm disiplinlerinin birbiriyle olan ilişki ve irtibatı ilk dönem Hanefî usûlcüleri bağlamında ve kelâm ekolleriyle mukayeseli olarak ele alınıyor.",,"Din Araştırmaları",tr,"Kitap İncelemesi",2020-05-18,2020-10-03,,
1331625,"Bakkâlî Nispetiyle Anılan Hanefî Fakihin Kimliğinin Tespiti ve Bazı Fıkhî Görüşleri",10.18505/cuid.1331625,"Ekrem Koç (Ağrı İbrahim Çeçen Üniversitesi)","Ekrem Koç | ORCID: 0000-0003-0408-9834 | Ağrı İbrahim Çeçen Üniversitesi | Ağrı İbrahim Çeçen Üniversitesi",,,"İslam Hukuku,Hanefî mezhebi,Bakkâlî,Ebû İmrân Mûsâ b. Yûsuf el-Bakkâlî,Meşâyih,İçtihat","Cumhuriyet İlahiyat Dergisi",2528-9861,2528-987X,"Sivas Cumhuriyet Üniversitesi",2023,27,2,480-503,"Fıkıh ilmi ve mezheplerinin müktesebatının oluşturulmasında katkı sunan mezhep imamlarının usûlünü ve görüşlerini sonraki nesillere aktaran, onların öğrencileriyle irtibatlı çok sayıda âlim bulunmaktadır. Hanefî mezhebi tarihinde de eserleri, görüşleri veya sadece isimleri günümüze ulaşan birçok âlim bulunmaktadır. Eserleriyle ön plana çıkan âlimlerin görüşlerine yazdıkları eserlerinden ulaşılmaktadır. Eserleri olmayan veya eserleri günümüze ulaşmayan bazı âlimlerin görüşlerine ise fıkıh külliyatı içerisinde diğer âlimler tarafından yapılan nakillerle muttali olmaktayız. Ne yazık ki ne eseri ne de görüşü bize ulaşan yalnız ismine atıfta bulunulan nice âlim söz konusudur. Bu çalışmada, fıkıh literatüründe ismi geçmesine rağmen ilmî şahsiyeti, fıkıhtaki konumu ve eserleri günümüze ulaşmayan Hanefî fakih Bakkâlî (öl. 452/1060) konu edilmiştir. Makale, Bakkâlî'nin kim olduğunun tespiti konusunda çeşitli kaynakları ve delilleri incelemektedir. Zira Bakkâlî nispetiyle anılan iki farklı âlimin varlığı söz konusudur. Bu muammanın giderilmesi gerekmektedir. Makalenin temel argümanını, tabakât eserlerinden ziyade Hanefî fıkıh külliyatının muteber kaynakları arasında yer alan fıkıh kitapları üzerinde yapılan incelemeler ve dijital kaynaklardaki taramalar şekillendirmiş ve açığa kavuşturmuştur. Bakkâlî isimli âlimin ilmî şahsiyeti ile fıkhî görüşlerinin tespiti ve tanıtımı makalenin mümeyyiz vasfını oluşturmaktadır. Bakkâlî, Hanefî fıkıh geleneği içinde etkili bir fakih olarak kabul edilmiş ve meşâyihten sayılmıştır. Meşâyih olarak adlandırılan âlimler, mezhep içindeki içtihat çeşitliliğini düzenlemek ve yeni fıkhî meselelere çözüm üretmek amacıyla faaliyet gösterirler. Bununla birlikte mevcut deliller göz önünde bulundurularak Bakkâlî nispetiyle ön plana çıkan Bakkâlî’nin Hanefî mezhebindeki görüşlerine müracaat edilen Bakkâlî olmadığı ispat edilirken; ortaya çıkan ihtimaller içinden Bakkâlî’nin kimliğinin tespitinde ağır basan görüşlere yer verilmektedir. Bu nedenle Bakkâlî’nin daha fazla araştırma ve inceleme gerektiren bir figür olduğuna dikkat çekilmektedir. Bu makalenin Hanefî fıkıh geleneğinin anlaşılmasına katkı sağlayabileceği vurgulanmaktadır. Onun bazı ibadet ve muamelat konularındaki fıkhi görüşleri, önemli tartışmaları yansıtmaktadır. O, Hanefî mezhebinin temel prensiplerine bağlı kalmış olsa da zaman zaman imamların veya mezhebin genel görüşlerine karşı özgün içtihatlar geliştirmiştir. Onun özgün içtihatları ve fıkhî görüşleri, mezhep literatüründe önemli bir yer tutmaktadır. Özellikle fetva konularında etkili olmuş ve kendi görüşlerini sonraki fakihlere miras bırakmıştır. Bu tür bir tespit çalışması, ilim tarihi ve fıkıh tarihi alanlarında bir bilimsel sorunun çözümünü hedefler. İlgili kişilerin kimliklerinin ve uzmanlık alanlarının netleştirilmesi, tarihsel ve bilimsel bir açıklığın sağlanmasına yardımcı olabilir. Bu makale, bu konuda daha fazla bilgi edinmeyi ve belirsizlikleri azaltmayı amaçlayarak fıkıh tarihine katkıda bulunmayı hedeflemektedir.",,"İslam Hukuku",tr,"Araştırma Makalesi",2023-07-23,2023-11-14,,
410703,"Hanefî Usûlündeki Temel Yaklaşımlar Hicri Altıncı Asrın Ortalarına Kadar",,"Şevket Topal; Mehmet Sait Arvas","Şevket Topal; Mehmet Sait Arvas",,,"Fıkıh,Fıkıh usûlü,Hanefî usûl yaklaşımları,Irak Hanefîliği,Mâverâünnehir Hanefîliği","Recep Tayyip Erdoğan Üniversitesi İlahiyat Fakültesi Dergisi",2147-2823,2147-2823,"Recep Tayyip Erdoğan Üniversitesi",2018,,13,175-209,"<span style=""font-size:8.5pt;line-height:107%;font-family:'Palatino Linotype', serif;"">Bu makalede fıkıh usûlünün klasik dönemi denilen hicri dördüncü asır ile
altıncı asrın ortalarına kadar olan süredeki Hanefî usûl gelişimi ele alınacak
ve Hanefî usûl yaklaşımları arasındaki görüş farklılıkları tespit edilecektir.
Hanefî usûl düşüncesinin teşekkülü ve olgunlaşmasında Irak ve Mâverâünnehir
âlimlerinin etkin olduğu görülür. Irak Hanefî usûl âlimleri i‘tizali eğilimde olmakla
birlikte genel sistemlerinde, mezhep imamlarının fıkhî mesailine ve selefleri
olan Hanefî âlimlerin esaslarına dayanırlar. Mâverâünnehir Hanefîleri ise Sünnî
inanç esaslarına bağlı iki farklı usûl yaklaşımına sahiptir. Bunlardan ilki
Irak usûl anlayışını Sünnî elekten geçirerek sürdüren yaklaşım, diğeri ise Irak
Hanefî usûl anlayışından ayrı olarak Semerkant-Mâturîdî çevrelerce teşekkül ettirilen
yaklaşımdır. Ancak bu usûl anlayışı uzun bir fetret döneminden sonra altıncı
asırda yeniden tesis edilmiştir. Irak Hanefî usûl anlayışını sürdüren birinci
yaklaşım fıkıh ağırlıklı iken, Semerkant-Mâturîdî usûl anlayışı kelam ağırlıklıdır. </span>",,"Din Araştırmaları",tr,"Araştırma Makalesi",2018-03-29,2018-05-15,,
1743032,"Kelâm-Usûl-i Fıkıh Bağlamında Hanefî-Mâtürîdîlik",10.52886/ilak.1743032,"Yunus Eraslan (KİLİS 7 ARALIK ÜNİVERSİTESİ)","Yunus Eraslan | ORCID: 0000-0003-2439-1950 | KİLİS 7 ARALIK ÜNİVERSİTESİ | KİLİS 7 ARALIK ÜNİVERSİTESİ",,,"Kelâm,Fıkıh Usûlü,Hanefî,Mâtürîdîlik,Mu‘tezile,Irak,Buhara,Semerkant.","İlahiyat Akademi",2149-3979,2651-2718,"Gaziantep Üniversitesi",2025,,22,499-531,"İslam düşüncesinin erken dönemlerinden itibaren kelâm alanında akılcılığı Mu‘tezile kelâm okulu, fıkıh alanında reyi Hanefî mezhebi temsil etmiştir. Bu iki disiplin, ilgi alanlarında kısmen benzer yöntemleri kullanarak, gelişim ve dönüşüm evrelerinde benzer süreçlerden geçmişlerdir. Genel olarak akılcı yöntemi benimseyen Hanefî ve Mu‘tezile mezhepleri belli dönemlerde siyasi ve sosyal şartlara bağlı olarak yakınlaşma veya ayrışma içerisine girmişlerdir. Hanefîliğin çıkış yeri olan Irak coğrafyasında her iki mezhep mensupları arasındaki olumlu etkileşim, fıkıh usûlünün kelâmî ilkelerden etkilenmesini sağlamıştır. Mihne sürecinde siyasi ortamın etkisiyle kelâm ilminde Mu‘tezile, fıkıh alanında ise Hanefîlik etkinliğini sürdürmüştür. Buna bağlı olarak erken dönemde Mu‘tezile ile Hanefîlik arasında bir geçişkenlik söz konusu olup, Mu‘tezile kelâmcıları fıkıhta Hanefîliğe, Hanefî kadı ve fakihleri ise kelâmda Mu‘tezile’ye eğilim göstermişlerdir. Ancak mihne sürecinin akabinde hadis taraftarlarının başlattığı karşı mihne sonrasında Mu‘tezile’nin düşüşe geçmesiyle Hanefîlik de bundan olumsuz etkilenmiştir. Mu‘tezile’ye karşı takınılan tavır Hanefî düşünceye karşı da gösterilmiş ve Hanefîlik Irak’tan Horasan ve Mâverâünnehir bölgesine taşınmıştır. Bu durum Hanefîlikle ilgili olumsuz bir algıya dönüşünce, Horasan-Mâverâünnehir âlimleri bu algıyı bertaraf etmek için gayret göstermişlerdir. Doğu Hanefîliğinde bu konuda iki farklı yaklaşım ortaya çıkmıştır. Buhara, hadis taraftarı bir anlayış sergileyerek kelâm ilmini Hanefî fıkıh usulünden ayrıştırırken; Semerkant, Hanefî fıkıh usulünü kelâm ilminin ilkeleri doğrultusunda temellendirmiştir. Her iki ekol de yöntemlerini Mu‘tezile karşıtlığı üzerinden yürütmüşlerdir. Buhara Hanefî ekolünün yaklaşımı, özelde Mu‘tezile genelde ise kelâm ilmini yok sayıp görmezden gelmek suretiyle Hanefîliğin itikadî yönünü Ebû Hanife’ye nispet edilen rivayetlere dayandırmaktır. Buhara Hanefîlerinin söz konusu tavırlarında İslam dünyasında yükselişte olan gelenekçi-hadisçi anlayış etkili olmuş Hanefîlik, kelâmî ilke ve usuller yerine hadis ve fürû fıkıhla temellendirilmiştir. Bu şekilde Hanefîliğin eksik kalan kelâm yönü Semerkant ekolünde Mâtürîdî ile tamamlanmıştır. Mâtürîdî kendi döneminde Hanefîliğin kelâm ve fıkıh usulü anlayışını Ehl-i sünnet düşüncesi doğrultusunda yeniden yapılandırmıştır. Mâtürîdî, Irak Hanefîliğindeki Mutezilî unsurları ayrıştırmak suretiyle Hanefîliği yeniden kelâmî temellerle inşa etmiştir. Onun bu tavrı kendi döneminde ve takip eden birkaç asırda hadisçi yaklaşımın etkisiyle ihmal edilmiş olsa da hicrî 5. asırdan itibaren hadisçi kanat karşısında, Hanefîliği heretik akımlardan ayrıştırmak ve Ehl-i sünnet içinde konumlandırmak amacıyla yeniden canlandırılmıştır. Buna göre Mâtürîdîliği tarih sahnesine çıkaran unsurlar yalnızca Mâtürîdî’nin kelâm ilmine dair görüşleri olmayıp, benzer şekilde onun fıkıh usulündeki çabaları da etkili olmuştur. Bu çerçevede çalışmanın temel problemi, Hanefî-Mâtürîdî geleneğin tarihsel süreçte kelâm ve fıkıh disiplinleri arasında kurduğu ilişkinin, özellikle Mu‘tezile ile yaşanan etkileşimler bağlamında bütüncül bir biçimde ele alınmamış olmasıdır. Literatürde genellikle Mâtürîdî’nin kelâmî yönü öne çıkarılmış; onun fıkıh usulüne katkıları ile Hanefîliğin bu disiplinler arası geçişkenliklerde aldığı konum yeterince görünür kılınmamıştır. Bu araştırmanın amacı, Hanefî-Mâtürîdî geleneğini hem kelâm hem de fıkıh perspektiflerini birlikte içerecek şekilde yeniden okumak ve söz konusu geleneğin tarihsel dönüşümünü Mu‘tezile ile etkileşimleri bağlamında sistematik biçimde analiz etmektir. Çalışmanın özgün değeri, Mâtürîdîliği sadece kelâmî bir ekol olarak değil, aynı zamanda Hanefî fıkıh usulüyle birlikte gelişen bütünleşik bir düşünce sistemi olarak ele almasıdır. Böylece Mâtürîdî’nin fakih kimliğini ve Hanefî geleneğin kelâmî oluşuma yaptığı katkıları görünür kılarak, literatürdeki tek yönlü okumaları aşmayı amaçlamaktadır. Araştırmanın alana katkısı, modern dönemde Mâtürîdîliğin yeniden inşasına dair yürütülen tartışmalara disiplinler arası bir perspektif kazandırması ve Hanefî-Mâtürîdî kimliğin oluşumundaki epistemolojik temelleri daha net bir şekilde ortaya koymasıdır. Bu bağlamda çalışmada, klasik kaynaklar ile modern araştırmalar birlikte değerlendirilerek karşılaştırmalı ve tarihsel-analitik bir yöntem benimsenmiş; böylece geleneğin oluşum süreci hem metinsel hem de bağlamsal boyutlarıyla kapsamlı biçimde incelenmiştir.",,Kelam,tr,"Araştırma Makalesi",2025-07-15,2025-12-26,,
638408,"Kıvâmüddîn el-İtkânî’nin Gâyetü’l-Beyân Adlı el-Hidâye Şerhinde Takip Ettiği Metot (Kitâbü’s-Salât Örneği)",,"Kemal Yıldız (MARMARA ÜNİVERSİTESİ, İLAHİYAT FAKÜLTESİ); Adilkhan Zhunıssov","Kemal Yıldız | ORCID: 0000-0003-4824-922X | MARMARA ÜNİVERSİTESİ, İLAHİYAT FAKÜLTESİ | MARMARA ÜNİVERSİTESİ, İLAHİYAT FAKÜLTESİ; Adilkhan Zhunıssov | ORCID: 0000-0003-4824-922X",,,"Kıvâmüddîn el-İtkânî,Gâyetü’l-beyân,Hidâye,Fıkıh şerhleri.","Kocaeli İlahiyat Dergisi",2564-677X,3108-799X,"Kocaeli Üniversitesi",2019,3,2,41-78,"<p class=""MsoNormal"" style=""margin:0cm 0cm 10pt;line-height:22px;font-size:11pt;font-family:Calibri, sans-serif;text-align:justify;text-indent:42.55pt;""><span style=""font-size:12pt;line-height:24px;font-family:'Times New Roman', serif;"">Fıkıh, kelâm, gramer ve matematik alanlarında eserler yazan Kıvâmüddîn el-İtkânî, hicrî VII. yüzyılın sonlarından VIII. yüzyılın ortalarına kadar yaşamış Hanefî mezhebinin önde gelen çok yönlü âlimlerindendir. Mezhebin en muteber metinlerinden biri kabul edilen <i>el-Hidâye</i>üzerine yazdığı <i>Gâyetü’l-beyân</i>, ilk yazılan şerhlerden olması açısından büyük bir önemi haizdir. Hanefî mezhebince kendi dönemine kadar teşekkül eden fıkıh birikiminden de faydalanarak yazmış olduğu eser, başta <i>el-Hidâye</i>şerhleri olmak üzere daha sonraki kaleme alınan bir hayli Hanefî eserine kaynak olmuştur. </span></p><p></p>",,,tr,"Araştırma Makalesi",2019-10-25,2019-12-02,,
1558510,"Hanefî Mezhebinde İstihsana Yönelik Bir Tavır: Bişr b. Gıyâs el-Merîsî Örneği",10.61304/did.1558510,"Ekrem Koç (Ağrı İbrahim Çeçen Üniversitesi)","Ekrem Koç | ORCID: 0000-0003-0408-9834 | Ağrı İbrahim Çeçen Üniversitesi | Ağrı İbrahim Çeçen Üniversitesi",,,"İslâm Hukuku,Hanefî Mezhebi,Bişr b. Gıyâs el-Merîsî,Kıyas,İstihsan","Diyanet İlmi Dergi",1300-8498,2822-2261,"Diyanet İşleri Başkanlığı",2025,61,2,621-652,"Mezhep imamlarının usul ve fürû görüşlerinin aktarılmasında, öğrencileriyle ilişkili âlimlerin katkısı belirleyicidir. Hanefî mezhebinde ise bazı isimler, eserlerinden ziyade düşünceleriyle öne çıkmıştır. Bu makale, fıkıh literatüründe zikredilmesine rağmen fıkhî kimliği ve yöntem anlayışı detaylı biçimde ele alınmamış olan Bişr b. Gıyâs el-Merîsî’yi (ö. 218/833) konu edinmektedir. Ebû Yûsuf’un (ö. 182/798) öğrencisi olan Bişr, Hanefî mezhebine mensup olmakla birlikte istihsan yöntemine yönelik mesafeli tutumuyla dikkat çekmektedir. Çalışmanın temel amacı, muteber Hanefî kaynakları ışığında onun fıkhî yaklaşımını analiz ederek, istihsan karşısındaki duruşunu sistematik biçimde ortaya koymaktır. Bişr b. Gıyâs’a dair mevcut literatürde genellikle onun kelâmî yönü ön planda tutulmuş, fıkhî görüşleri ise yeterince işlenmemiştir. Bu bağlamda makale, hem Hanefî fıkıh geleneği içinde tartışmalı bir figürü yeniden değerlendirmekte hem de mezhep içi metodolojik ayrışmalara dair tarihî bir perspektif sunmaktadır. Bu çerçevede makale, klasik dönem fıkıh usulü tartışmalarına yeni bir katkı sunarken, Hanefî mezhebinin iç dinamiklerini daha derinlikli anlamaya yönelik bir zemin oluşturmayı hedeflemektedir.",,"İslam Hukuku",tr,"Araştırma Makalesi",2024-09-30,2025-06-11,,
1508019,"Hanefî Fıkıh Düşüncesinde Gâlibe İtibar İlkesi İle Zorluğun Defi İlkesinin Kesişmesi ve Fer‘î Yansımaları (İbadetler Örneği)",10.35415/sirnakifd.1508019,"Abdurrahman Bulut (KOCAELİ ÜNİVERSİTESİ, İLAHİYAT FAKÜLTESİ)","Abdurrahman Bulut | ORCID: 0000-0003-4631-7911 | KOCAELİ ÜNİVERSİTESİ, İLAHİYAT FAKÜLTESİ | KOCAELI UNIVERSITY, FACULTY OF THEOLOGY",,,"İslam Hukuku,Hanefî,Gâlib,Harac,Nadir","Şırnak Üniversitesi İlahiyat Fakültesi Dergisi",2146-4901,2667-6575,"Şırnak Üniversitesi",2024,,35,264-286,"“Gâlibe itibar edilir / Hüküm gâlibe göre belirlenir.” ilkesi Hanefî fıkıh doktrinindeki önemli küllî kâidelerden biridir. Fıkıh metinlerinde yer alan nadire itibar edilmeyeceğini belirten ilke düzeyindeki ifadeler de aynı muhtevanın farklı boyutuna vurgu yapar. Fıkhın hemen her alanında karşılaşılabilecek bu ilke ve kurallar “gâlib” ve “nadir” kavramları çerçevesindeki fıkhî akıl yürütmenin Hanefî fıkıh düşüncesindeki etkisini ve önemini gösterir. Gâlib kavramı Hanefî fıkıh doktrininde bağlama göre farklı manalarda kullanılmaktadır. Gâlib kavramının bu farklı kullanımlarına dair kuşatıcı bir tasnif yapmak oldukça zordur ve kapsamlı bir çalışmayı gerektirir. Bununla birlikte bu çalışmada Hanefî fürû fıkıh literatüründe temsil kabiliyeti görece daha yüksek olan başlıca eserlerin özellikle ibâdet bölümlerinde yapılan yüzeysel bir tarama sonucunda gâlib kavramının daha yaygın kullanıldığı manalara dair dörtlü bir tasnif denemesi yapılmıştır. Bunlar arasında gâlib kavramının “bir olayın sıklıkla meydana gelmesi” manasındaki kullanımına odaklanılmış ve bu manadaki gâlib kavramının zorluğun defi ilkesi ile irtibatı incelenmiştir. Hanefî fürû fıkıh metinlerinde “bir olayın sıklıkla meydana gelmesi” manasını kastetmek üzere daha çok “gâlib” kelimesi tercih edilmekle birlikte “âdet, zâhir, kesret, tekrar ve mutad” gibi kelimeler ve türevleri de kullanılmaktadır. Yapılan okumalarda bu durum dikkate alınmıştır. “Bir olayın seyrek meydana gelmesi” manasını ifade eden “nadir” kelimesinin ilgili pasajların tespitinde anahtar bir rol üstlendiğinin de ayrıca belirtilmesi gerekir. Günümüz fıkıh araştırmalarında, geniş bir anlam yelpazesine sahip ve oldukça etkili bir kavram olan gâlib kavramına tahsis edilmiş çalışmalar nicelik bakımından yeterli düzeyde değildir. Görebildiğimiz kadarıyla gâlib kavramının zorluğun defi ilkesi ile irtibatlı olarak “bir olayın sıklıkla meydana gelmesi” manasındaki kullanımına tahsis edilmiş bir araştırma yapılmamıştır. Bu çalışma, literatürdeki bu boşluğu sınırlı bir alanda belli ölçüde doldurmayı hedeflemektedir. Şemsiye bir kavram mahiyetinde olan gâlib kavramının alt kümelerine odaklanmış çalışmaların Hanefî fıkhı açısından bazı kavramsal ilişki ağlarını belirlemek, ilgili kavramsal örgünün fıkhî bilgi ve düşüncenin geliştirilmesindeki etkisini görmek gibi faydaları olacaktır. Bu çalışmada Hanefî fıkıh doktrininde ibadetler alanında ilk bakışta belki mükellefin mazur kabul edilmesinin mümkün görüleceği bazı olaylarda gâlib kavramının mükellef lehine dikkate alınıp alınmayacağına dair tartışmaların harac-adem-i harac, kıyas-istihsan ve ihtiyat-mazeret kavram çiftleri ile irtibatlı bir üst bakış gözetiminde seyrettiği görülmüştür. Hükmü nasla tespit edilmiş olan bazı meselelerde ilgili olayın sıklıkla meydana gelmesinden dolayı insanlara zorluk olmaması için kolaylık hükmünün belirlenmiş olduğu tespitinden ilham alan Hanefî imâmlarının, hakkında nas bulunmayan meselelerde de benzer bir fıkhî akıl yürütmeyi gerçekleştirdikleri anlaşılmaktadır. Hanefî fakihlerinin gâlib-harac kavram çifti etrafındaki açıklamaları, Hanefî fıkhında benzer mahiyetteki bazı meselelerin bir kısmında mükellefin lehine diğer bir kısmında ise aleyhine hükümler verilmiş olmasının tutarlı bir izahı olduğunu göstermektedir. Buna göre kişinin bir kastı veya kusuru olmaması bakımından mahiyet itibariyle birbirine benzeyen olaylardaki ilk bakışta çelişkili gibi gözüken farklı hükümler, ilgili olayın sıklıkla meydana gelip gelmemesi ayrımı ile izah edilebilmektedir. Nitekim sıklıkla meydana gelen bir olay karşısında kolaylık hükmü, sıklıkla meydana gelmeyen bir olayda ise ihtiyat hükmü esas alınmıştır. Böylece ilgili meselelerdeki farklı hükümlerin aslında tutarlı bir bütün teşkil ettiği gösterilmiş olmaktadır. Ayrıca makalede görüleceği üzere Hanefî fakihlerinin gâlib-harac ilişkisi ışığındaki yaklaşımı, ilgili meselelerde Hanefî fıkhını diğer doktrinlerden ayrıştırıcı bir özelliğe sahiptir.",,"İslam Hukuku",tr,"Araştırma Makalesi",2024-07-01,2024-08-18,,
1647374,"Hanefî Fıkıh Düşüncesinde Farklı Bir Ses: Bişr b. Gıyâs el-Merîsî",10.51553/bozifder.1647374,"Ekrem Koç (Ağrı İbrahim Çeçen Üniversitesi)","Ekrem Koç | ORCID: 0000-0003-0408-9834 | Ağrı İbrahim Çeçen Üniversitesi | Ağrı İbrahim Çeçen Üniversitesi",,,"İslam Hukuku,Hanefî Mezhebi,Bişr b. Gıyâs el-Merîsî,İçtihat,Mezhep İçi Görüş","Bozok Üniversitesi İlahiyat Fakültesi Dergisi",,2458-9934,"Yozgat Bozok University",2025,27,27,397-438,"İslâm hukukunun tarihsel gelişimi, farklı içtihat anlayışları ve mezhep içi tartışmalarla şekillenmiş, bu süreç içerisinde birçok âlimin özgün katkıları mezheplerin fıkhî zenginliğini artırmıştır. Hanefî mezhebinin erken dönem fakihlerinden biri olan Bişr b. Gıyâs el-Merîsî (öl. 218/833), klasik Hanefî metodolojisinden belirli noktalarda ayrılan görüşleriyle dikkat çeken bir isimdir. Bu çalışma, Bişr’in Hanefî mezhebi içindeki konumunu incelemeyi, fıkhî görüşlerini sistematik bir şekilde değerlendirmeyi ve onun mezhep içindeki metodolojik ayrışmalarını analiz etmeyi amaçlamaktadır. Çalışmada, onun ibadet, aile hukuku, muamelat hukuku ve fıkıh usulü alanlarındaki farklı yaklaşımları ele alınmış, Hanefî mezhebi içindeki etkileri tartışılmıştır. Makalenin hacmini aşmamak adına, özellikle furu‘ konularında Bişr’in düşünce yapısını daha iyi kavramamıza imkân tanıyan meseleler seçilmiş, diğer görüşlerinin içeriğine dair ise tablolar aracılığıyla genel bir çerçeve sunulmuştur. Bununla birlikte, Bişr’in fıkıh usulüne dair ayrıntılı özgün yaklaşımı bu çalışmanın kapsamı dışında tutulmuştur. Zira, onun usul düşüncesini yansıtan görüşlerinin daha derinlikli bir incelemeyi gerektirdiği ve bu konulara özel olarak odaklanan müstakil bir çalışmanın daha isabetli olacağı değerlendirilmiştir. Bu sebeple, bu makale birkaç usul görüşü dışında Bişr’in mezhep içindeki furu‘ meselelerindeki ayrışmalarına, yorum çeşitliliğine ve metodolojik tercihlerine yoğunlaşarak Hanefî mezhebi içerisindeki özgün konumunu belirginleştirmeyi hedeflemiştir. Bu süreçte, klasik fıkıh literatürü, tabakât eserleri ve mezhep içi tartışmaları ele alan kaynaklardan hareketle onun görüşlerinin mezhep içindeki yeri karşılaştırmalı olarak ele alınmıştır. Bişr’in fıkhî görüşleri, klasik Hanefî metodolojisi içinde önemli bir tartışma alanı açmış, sonraki fakihler arasında içtihat sınırları ve fıkıh usulü bağlamında ele alınmaya devam etmiştir. Onun kıyas ve istihsan hakkındaki eleştirileri, re’y ekolü içinde hukuk metodolojisinin belirlenmesine dair süregelen tartışmalara katkıda bulunmuş, mezhep içindeki yorum çeşitliliğini artırmıştır. Bununla birlikte, kelâmî görüşleri nedeniyle farklı mezheplerden sert eleştiriler alması, fıkhî mirasının gölgede kalmasına neden olmuştur. Bu çalışma, Hanefî mezhebi içinde farklı içtihat anlayışlarının nasıl şekillendiğini anlamaya yönelik bir katkı sunmaktadır. Bişr’in fıkıh alanındaki görüşlerinin detaylı olarak ele alınması, onun Hanefî fıkhı içindeki özgün konumunu belirlemeye yönelik önceki araştırmalara derinlik kazandırmaktadır. Aynı zamanda, fıkıh usulü tartışmalarının gelişiminde onun fikirlerinin nasıl bir etki oluşturduğu konusunda yeni açılımlar sağlamaktadır. Elde edilen bulgular, mezhep içi tartışmaların tarihsel süreçte fıkhî çeşitliliğin gelişimine nasıl katkıda bulunduğunu göstermekte ve Bişr’in içtihat metodolojisinin klasik Hanefî anlayışıyla hangi noktalarda kesişip ayrıştığını ortaya koymaktadır.",,"İslam Hukuku",tr,"Araştırma Makalesi",2025-02-26,2025-05-15,,
1855025,"Mâverâünnehir Hanefî Fıkıh Tarihinde Bir Ulemâ Silsilesi: Mergînânî/Özkendî Ailesinin İlim Geleneğindeki Yeri",10.56361/usul.1855025,"Zharkynbai Sebetov (Oş Devlet Üniversitesi)","Zharkynbai Sebetov | ORCID: 0009-0003-6379-3423 | Oş Devlet Üniversitesi | Oş Devlet Üniversitesi",,,"İslam Hukuku,Hanefî mezhebi,Mâverâünnehir,Mergīnânî,Özkendî","Usul İslam Araştırmaları",1305-2632,2147-8279,"İstanbul Sabahattin Zaim Üniversitesi",2026,,45,195-232,"Hanefî fıkıh tarihine baktığımızda aynı soy ve aileden gelen çok sayıda fakihin bulunduğunu ve bazı tarih ve tabakat eserlerinde bu aile bağlarına işaret edildiğini görmekteyiz. Bu makale, Hanefî fıkıh tarihinde Mâverâünnehir’de V/XI. ve VI/XII. yüzyıllarda etkin olmuş Mergīnânî/Özkendî ailesinin fıkıh silsilesini, ilmî faaliyetlerini ve bu ilmî gelenek içerisindeki konumunu tespit etmeyi amaçlamaktadır. Konunun önemi, Hanefî fıkhının Orta Asya’da kurumsallaşmasında ve ilim geleneğinin nesilden nesile aktarılmasında ulemâ ailelerinin merkezi rolünü aydınlatmasından kaynaklanmaktadır. Çalışmamızda başta tabakat ve fetâvâ eserleri olmak üzere birincil kaynaklara dayanan biyografik ve eleştirel analiz yöntemi kullanılmıştır. Araştırma, ailenin bilinen ilk üyesi Abdülazîz b. Abdürrezzâk el-Mergīnânî’den (ö. 477/1084) Kādîhan lakabıyla tanınan Hasan b. Mansûr el-Özkendî’ye (ö. 592/1196) kadar uzanan dört kuşağı kapsamaktadır. Araştırmamız sonucunda ulaşılan temel tespit, Mergīnânî ve Özkendî nisbelerinin makalede söz konusu olan tek bir ulemâ ailesine ait olduğu ve bu ailenin fertlerinin baba-oğul, amca-yeğen, dede-torun gibi yakın akrabalık bağları üzerinden fıkıh ilmini sürdürmüş olduğudur. Ancak hoca-öğrenci ilişkisi sadece aile bireyleri arasında sınırlı kalmamış, dönemin önde gelen âlimlerinin derslerine katılmak ve ilim tahsili için bölgenin farklı şehirlerine seyahat etmek gibi yollarla da gerçekleşmiştir. Mergīnânî/Özkendî ailesi Mâverâünnehir’de Hanefî fıkhına yön veren köklü ulemâ ailelerinden biri olarak bölgede fıkıh ilminin gelişimine büyük katkı sağlamış, ilmi hem aile içinde hem de dönemin diğer saygın âlimleriyle etkileşim içinde sürdürerek sonraki dönem Hanefî fıkhı üzerinde kalıcı bir etki bırakmıştır.",,"İslam Hukuku",tr,"Araştırma Makalesi",2026-01-03,2026-04-29,,
621624,"Hanefî Fıkıh Kaynaklarında Hükme Delalet Etmesi Açısından Hz. Peygamber’in Dini Nitelikli Bir Fiile Devamı (Muvazâbe)",10.33420/marife.621624,"Bekir Karadağ (MUŞ ALPARSLAN ÜNİVERSİTESİ)","Bekir Karadağ | ORCID: 0000-0003-4317-1478 | MUŞ ALPARSLAN ÜNİVERSİTESİ | MUŞ ALPARSLAN ÜNİVERSİTESİ",,,"Hanefî Mezhebi,Muvâzabe,Vacip,Sünnet,Müstehab","Marife Dini Araştırmalar Dergisi",,2630-5550,"Yediveren Kitap",2019,19,2,553-569,"Bu makalede Hz. Peygamberin dini nitelikli bir fiile devam etmesi anlamındaki muvâzabenin klasik Hanefî kaynaklarında ifade ettiği anlam ve sonuçları ele alınmaktadır. İslâm hukukunda Kur’an-ı Kerîm’den sonra ikinci şerî delil kabul edilen sünnetin fiili kısmında değerlendirilen muvâzabeye birbirinden farklı sonuçlar bağlanmıştır. Mezheplerin sistematiğinden kaynaklanan sebeplerden dolayı her mezhebin farklı bir hüküm bağladığı muvâzabeye Hanefî fakihler de bazı hüküm/hükümler bağlamışlardır. Hanefî fakihler Hz. Peygamber’in bir fiile devamlılığın mahiyetini göz önünde bulundurarak muvâzabeyi birbirinden farklı hükümlere mesned kabul etmişlerdir. Hanefî fıkıh eserleri incelendiğinde bunların vacib, sünnet, müstehab ve mendup gibi hükümler olduğu görülmektedir. Fakat muvâzabenin Hanefî fıkıh eserlerinde ifade ettiği bu hükümlerin net olmadığı, Hanefî fakihlerin Hz. Peygamber’in bir fiile devam sıklığının aynı olmasına rağmen muvâzabeyi farklı hükümlerin kaynağı kabul ettikleri anlaşılmaktadır. Bu bağlamda özellikle Hanefî fakihler arasında muvâzabenin medlûlleri olan vacib-sünnet-i müekkede ve müstehab-menduba delaleti konusunda görüş ayrılıkları meydana gelmiştir. Bu ihtilafı sona erdirmek maksadıyla bazı Hanefî fakihler konuyla ilgili farklı görüşleri uzlaştırmaya çalışmışlardır.",,"Din Araştırmaları",tr,"Araştırma Makalesi",2019-09-18,2019-12-24,,
261083,"HANEFÎ HADİS ANLAYIŞININ FETHU’L-KADÎR’E YANSIMALARI VE İBNÜ’L-HÜMÂM’IN TERCİHLER",10.17335/sakaifd.261083,"Şule Yüksel Uysal (SAKARYA ÜNİVERSİTESİ)","Şule Yüksel Uysal | SAKARYA ÜNİVERSİTESİ | SAKARYA ÜNİVERSİTESİ",,,"Hanefî,Hadis Usulü,İbnü'l-Hümam,Fethu'l-kadîr","Sakarya Üniversitesi İlahiyat Fakültesi Dergisi",2146-9806,1304-6535,"Sakarya University",2016,18,33,29-52,"Hanefî hadis anlayışının, hicrî dokuzuncu asırda yazılmış bir fıkıh eseri olan Fethu’l-kadîr’e yansımaları ve müellifinin hadisleri kullanımındaki tutumunu tesbit makalenin amacıdır. Makalede Fıkıh Usulü ve Kelam alanında ilim dünyasında adından söz edilen İbnü'l-Hümâm’ın çok sayıda hadisi delil olarak kullandığı Fethu’lkadîr isimli  eserinde  Hanefî  hadis  anlayışının  yansımalarına  dair  örnekler  sunulmuştur.  Çalışmada  Hanefî usûlünün tüm prensipleri yerine diğer ekollerden farklı olarak dikkati çeken bazı temel prensipleri üzerinde tespitler yapılmıştır. Bu bağlamda hadislerin Kur’ân’a arzı, mürsel hadisin sıhhat değeri, nesih gibi konuların <br />uygulamaya yansıması ile müellifin bu konulardaki tercihi ortaya konmaya çalışılmıştır.<br /><br />",,,,"Araştırma Makalesi",2016-07-13,,,
395189,"İBN NÜCEYM’İN EL-EŞBÂH  VE’N-NEZÂİR ADLI ESERİNDE ÖRFE DAİR GÖRÜŞLERİ",10.61304/did.395189,"Abdülkadir Şanalmış","Abdülkadir Şanalmış",,,"İbn Nüceym,el-Eşbah ve’n-Nezâir,İslâm Hukuku,Örf,Âdet","Diyanet İlmi Dergi",1300-8498,2822-2261,"Diyanet İşleri Başkanlığı",2017,53,4,123-149,"<p class=""TemelParagraf"" style=""margin-top:5.65pt""><span style=""font-family:&quot;Times New Roman&quot;,serif;
mso-font-width:90%;mso-ansi-language:TR"">Örf ve âdet, İslâm hukuku pratiğinde
önemli bir yere sahiptir. İslâm hukukunun önemli ekollerinden olan Hanefî
mezhebi de örfe en çok önem veren fıkıh mezheplerinden birisidir. İbn Nüceym’in
el-Eşbah ve’n-Nezâir adlı eseri de Hanefî mezhebinde fıkıh kaidelerine dair en
sistematik ilk çalışma olarak kabul edilir. Bu eserde müellif ilk altı küllî
kaideden örfe dair “el-Âdetü muhakkemetün” kaidesini açıklamıştır. Biz de bu
çalışmamızda Hanefî mezhebinde ilk defa, örfü teorik bir şekilde inceleyen ve
örneklerle açıklayan İbn Nüceym’in kavâide dair bu eserindeki örfle ilgili
kısmı inceledik.&nbsp;&nbsp;<o:p></o:p></span></p>",,"Din Araştırmaları",tr,"Araştırma Makalesi",2017-07-12,,,
1392604,"Fıkıh İlmi Özelinde ve Kefevî’nin Ketâib’i Çerçevesinde Mâverâünnehir Âlimlerinin Osmanlı Ulemasına Tesiri",10.37697/eskiyeni.1392604,"Kasif Hamdi Okur (HİTİT ÜNİVERSİTESİ); Abdullah Sıtkı İlhan (HİTİT ÜNİVERSİTESİ, İLAHİYAT FAKÜLTESİ)","Kasif Hamdi Okur | ORCID: 0000-0002-3705-3849 | HİTİT ÜNİVERSİTESİ | HİTİT ÜNİVERSİTESİ; Abdullah Sıtkı İlhan | ORCID: 0000-0002-7523-7008 | HİTİT ÜNİVERSİTESİ, İLAHİYAT FAKÜLTESİ | HİTİT ÜNİVERSİTESİ, İLAHİYAT FAKÜLTESİ",,,"Fıkıh,Mâverâünnehir,Kefevî,Ketâib,Osmanlı",Eskiyeni,1306-6218,2636-8536,,2023,,51,1213-1245,"Bu çalışmada, ilmi gelenekler içerisinde ehemmiyetli bir yer işgal eden Mâverâünnehir âlimlerinin Osmanlı uleması üzerindeki tesirlerini, fıkıh ilmi özelinde ve Kefevî’nin Ketâibu a‘lâmi’l-ahyâr min fukahâi mezhebi’n-Nu‘mâni’l-muhtâr isimli eseri çerçevesinde ele almayı hedefliyoruz. Bu tercihin sebeplerini ifade etmek gerekirse fıkıh ilmi, hukukî yapıyı belirleyen ve sosyal hayatı düzenleyen bir disiplin olması hasebiyle İslam toplumları için her zaman müstesna bir yer işgal etmiştir. Osmanlı ulemasının Hanefi fıkhını tevarüs ettikleri en önemli kaynak ise Mâverâünnehir âlimleri olmuştur. Hukukî hayatı ve toplumsal yaşamı düzenlemedeki fonksiyonu ise fıkhı, ilim geleneğinin birinci derecede iştigal alanı haline getirmiştir. Osmanlı ulemasının Hanefî mezhebine bağlı olduğu, Hanefî fıkhını da ağırlıklı olarak Mâverâünnehir ulemasına dayalı ilim silsilesi vasıtasıyla tahsil ettiği ve bu ulemanın eserlerinden faydalandığı dikkate alınırsa, aradaki ilişkiyi ortaya koymak için çalışmada neden fıkıh ilminin tercih edildiği açıklık kazanacaktır. Mâverâünnehir âlimlerinin Osmanlı uleması üzerinde fıkıh ilmi çerçevesinde yaptığı tesirin neden Kefevî’nin eseri üzerinden ele alınacağıyla alakalı olarak şu hususlar dile getirilebilir. Kefevî bu eserinde Hanefî fakîhleri Ebu Hanîfe’ye bağlayan isnad zincirine ve ‘an‘anelere yer vermiştir. Nitekim Kefevî’nin kaydettiği bu verilerden hareketle Hanefî fıkıh geleneğinin bir şeceresini çıkarmak mümkün olacaktır. Kefevî’nin çalışması yalnızca bir fakîhin hocaları, talebeleri ve eserleri ile alakalı biyografik ve bibliyografik malumat vermekle yetinmemekte, o fakîhin Ebu Hanîfe’ye kadar uzanan ilim silsilesini, dikkat çekici görüşlerini ve içinde yer aldığı önemli olayları da kaydetmek suretiyle ilmî zihniyet hakkında ayrıntılı tahliller yapmaya imkân veren bir malzeme sunmaktadır. Bu bakımdan Kefevî ve eseri, Mâverâünnehir âlimlerinin Osmanlı ulemâsı üzerine fıkıh ilmi çerçevesinde yaptığı tesiri incelemek için, isabetli bir seçim olacaktır. Bu inceleme neticesinde Hanefiliğin doktrinin ve literatürünün gelişmesinde, Mâverâünnehir bölgesinde gösterilen ilmi faaliyet oldukça etkili olduğu söylenebilir. Ayrıca Osmanlı ulemasının Hanefi fıkhını tevarüs ettikleri en önemli kaynak ise Mâverâünnehir âlimleri olmuştur. Bu intikal Mâverâünnehir âlimleri ve de literatür vasıtasıyla gerçekleşmiştir. Osmanlı medreselerinde fıkıh ilmi özelinde çoğunlukla Mâverâünnehir âlimlerinin eserleri okunmuş ve bu eserler üzerine birçok çalışma kaleme alınmıştır. Son olarak Osmanlıda fıkıh geleneğinin ana kaynağını Mâverâünnehir kökenli Hanefî âlimlerin, eserlerinin ve fıkıh anlayışlarının oluşturduğu rahatlıkla ileri sürülebilir.",,"İslam Hukuku",tr,"Araştırma Makalesi",2023-11-18,2023-12-27,,
814461,"Şerhu Muhtasari’t-Tahâvî Bağlamında Cessâs’ın Tahâvî’ye İtirazları",,"Ömer Korkmaz (ÇUKUROVA ÜNİVERSİTESİ, İLAHİYAT FAKÜLTESİ)","Ömer Korkmaz | ORCID: 0000-0002-8070-5398 | ÇUKUROVA ÜNİVERSİTESİ, İLAHİYAT FAKÜLTESİ | CUKUROVA UNIVERSITY, FACULTY OF THEOLOGY",,,"İslam Hukuku,Cessâs,Tahâvî,Şerhu Muhtasari’t-Tahâvî,İtiraz",Antakiyat,,2667-4017,"Hatay Mustafa Kemal University",2020,3,2,197-209,"Tahâvî, Hanefî mezhep imamlarının görüşlerini özetleyen ilk muhtasar fıkıh kitabının yazarıdır. Bu kitabında Ebû Hanîfe, Ebû Yûsuf ve Muhammed Şeybânî’nin görüşlerini nakletmiş ve bu hususta selefin görüşlerini en iyi bilen kimse olarak nitelendirilmiştir. Cessâs da Tahâvî’nin ilgili kitabını şerh etmiş ve kitabında Tahâvî’nin Hanefî mezhebi imamlarının görüşlerini nakletme hususunda güvenilir bir âlim olduğunu belirtmiştir. Bununla birlikte Cessâs, Tahâvî tarafından Hanefî imamlara nispet edilen bazı görüşlere itiraz ederek genellikle “ليس بسديد” (doğru değil), “لا معنى” (anlamsız/anlamı yok) ve “غلط” (yanlış/hata) ifadeleriyle onun hata ettiğini ifade etmektedir. Hanefî mezhebi içerisinde mezhebin usûl ve fürû görüşlerinin sonraki dönemlere aktarılmasında çok önemli rolü olan iki âlimin eserlerinde mezhep imamlarına nispet edilen görüşlerde farklılık olması dikkat çekicidir. Aynı zamanda bu görüşlerden hangilerinin sonraki dönemlerde yazılan fıkıh kitaplarında yer aldığı sorusu da ayrı önemi haizdir. Bu çalışmada Şerhu Muhtasari’t-Tahâvî eseri bağlamında Cessâs’ın temel ibadetlerle ilgili Tahâvî’ye yaptığı itirazlar değerlendirilerek sonraki dönemlerde fıkıh kitaplarında hangi görüşlere yer verildiği tespit edilmeye çalışılacaktır.",,"Din Araştırmaları",tr,"Araştırma Makalesi",2020-10-21,2020-11-05,,
1639795,"Hanefî-Şâfiî Etkileşiminin Odağında Bir Fakih Olarak İbn Hacer el-Askalânî",10.33718/tid.1639795,"Fatih Turay (KARABÜK ÜNİVERSİTESİ)","Fatih Turay | ORCID: 0000-0002-4703-4676 | KARABÜK ÜNİVERSİTESİ | KARABÜK ÜNİVERSİTESİ",,,"İslam Hukuku,Fıkıh Tarihi,Hanefî,Şâfiî,İbn Hacer el-Askalânî","Trabzon İlahiyat Dergisi",,2651-4567,"Trabzon Üniversitesi",2025,12,1,119-143,"Hanefî ve Şâfiî mezhepleri teşekkül süreçlerinin ardından uzunca bir müddet kendi ilmî muhitlerinde gelişimlerini sürdürmüş, mezhepler arasında dolaylı yoldan ve daha ziyade eleştiri yoluyla bazı etkileşimler gerçekleşmiştir. Ancak Hicrî VII. yüzyılın sonlarından itibaren farklı mezheplerden hoca-talebe ilişkileriyle yoğunlaşan ve giderek artan yeni bir etkileşim sürecinin ortaya çıktığı anlaşılmaktadır.  Büyük muhaddis ve Şâfiî fakihi İbn Hacer el-Askalânî, kendisinden yaklaşık bir asır önce başlayan bu süreçten yararlanmış ve bizzat kendisi de bu sürece büyük katkı sunmuştur. Ancak İbn Hacer, hadis alanında büyük bir otorite olması nedeniyle daha ziyade bu yönüyle tanınmakta olup hakkındaki araştırmalar da bu alandaki katkılarını incelemeye yoğunlaşmıştır. Bu makale fıkıh tarihi açısından İbn Hacer’in Hanefî ve Şâfiî mezhepleri arasındaki etkileşim bağlamındaki kritik rolüne dikkat çekmeyi amaçlamaktadır. Bu amaç çerçevesinde makalede İbn Hacer’in Hanefî mezhebine yaklaşımını ve mezhep literatürü ve görüşleri üzerindeki etkilerini yansıttığı düşünülen hususlar, örneklem metoduyla seçilerek tespit edilmeye çalışılmıştır. Buna göre öncelikle bir Şâfiî fakihi olarak İbn Hacer, iddia edildiğinin aksine Hanefî mezhebine karşı olumsuz bir yaklaşım içerisinde olmadığı gibi, objektif ve hakkaniyetli bir ilim adamı olarak birçok yerde Hanefî mezhebinin hakkını teslim etmekte ve ayrıca Hanefî fıkıh müktesebatından da yararlanmaktadır. Ayrıca döneminin meşhur Hanefî fakihlerinin birçoğunun hocası olan İbn Hacer’in talebeleri üzerinde bir hayli etkili olduğu anlaşılmaktadır. Şöyle ki, Hanefî fakihlerin hadis alanına ilgi duymaları ve bunu fıkıh alanındaki teliflerine yansıtmaları bağlamında bir süre önceden başlamış olan hadis merkezli eğilimin İbn Hacer’in talebesi olan fakihler eliyle çok daha ileri bir seviyeye ulaştığı gözlenmektedir. Ayrıca Hanefî usul sistematiğinde savunulan bazı görüşler üzerinde de İbn Hacer’in etkilerinin olduğu anlaşılmaktadır.",,"İslam Hukuku",tr,"Araştırma Makalesi",2025-02-14,2025-05-02,,
505641,"Hanefî Ceza Hukuk İlminde Sistematik Mezhep Görüşüne Aykırı Rivayetlerin Te’vil Yolu Olarak Siyaset",,"Muharrem Midilli (Trabzon Üniversitesi İlahiyat Fakültesi)","Muharrem Midilli | ORCID: 0000-0002-4502-3447 | Trabzon Üniversitesi İlahiyat Fakültesi | Trabzon Üniversitesi İlahiyat Fakültesi",,,"Fıkıh,Hanefî Mezhebi,Siyaset,Te’vil,Ceza Hukuku","Trabzon İlahiyat Dergisi",,2651-4567,"Trabzon Üniversitesi",2018,5,2,343-366,"<div style=""text-align:justify;""><span style=""font-size:12px;"">Bu makale Hanefî fakihlerin ceza hukuku alanında sistematik mezhep görüşüne aykırı </span><span style=""font-size:12px;"">buldukları bir kısım rivayetleri te’vil ederken siyaset terimini nasıl kullandıklarını göstermeyi </span><span style=""font-size:12px;"">amaçlamaktadır. Amacı gerçekleştirmek için ilk olarak Hanefî ceza hukuk ilminde </span><span style=""font-size:12px;"">siyaset teriminin anlaşılma biçimi üzerinde durmak gerekmiştir. Bu bağlamda birçok </span><span style=""font-size:12px;"">Hanefî fakihin siyaset olarak isimlendirdiği yaptırım kategorisini kamu otoritesinin salt </span><span style=""font-size:12px;"">kendi takdiriyle ilişkilendirmiş olduğunu tespit etmek önemlidir. Siyaseti kamu otoritesinin </span><span style=""font-size:12px;"">salt kendi takdiriyle ilişkilendirmek onlara kendi sistemleriyle uyumlu bulmadıkları </span><span style=""font-size:12px;"">bir kısım nasları te’vil ederken siyaset terimine başvurma imkânı vermiş görünmektedir. </span><span style=""font-size:12px;"">İkinci olarak makale Hanefî fıkıh kitaplarında siyaset teriminin bir te’vil yolu olarak kullanıldığı </span><span style=""font-size:12px;"">birçok hukuki tartışmayı analiz etmektedir. Bu tartışmalarda Hanefî fakihler siyaseti </span><span style=""font-size:12px;"">prensip olarak meşru bir yasama alanı olarak görmelerine rağmen sistematik mezhep </span><span style=""font-size:12px;"">hukukunun gelişiminde dikkate almamaktadırlar. Söz konusu yaklaşım onların bütün bir </span><span style=""font-size:12px;"">İslâm hukukunu fıkıh ve siyaset hükümleri olarak iki ayrı kategoride ele aldıklarını göstermektedir.</span></div>",,"Din Araştırmaları",tr,"Araştırma Makalesi",2018-10-26,2018-12-13,,
1256398,"Muhammed b. Fadl el-Kemârî ve Buhara Hanefî Geleneğindeki Yeri",10.55709/tetkikdergisi.2022.2.59,"Adnan Hoyladı (TC. MİLLİ EĞİTİM BAKANLIĞI SAKARYA)","Adnan Hoyladı | ORCID: 0000-0002-8565-9941 | TC. MİLLİ EĞİTİM BAKANLIĞI SAKARYA | TC. MİLLİ EĞİTİM BAKANLIĞI SAKARYA",,,"İslam Hukuku,Hanefî Mezhebi,Hanefilik,Buhara Hanefî Geleneği,Muhammed b. Fadl el-Kemârî",Tetkik,,2822-3322,"Oku Okut Derneği",2022,,2,381-405,"Buhara Hanefî geleneğinin önemli simalarından biri Muhammed b. Fadl el-Kemârî'dir (öl. 381/991). Kendisi, İmam Muhammed’in (öl. 189/805) öğrencisi ve en önemli râvileri arasında bulunan Ebû Hafs el-Kebîr (öl. 217/832) ile başlayan Ebû Hafs es-Sağîr (öl. 264/878) ve Sebezmûnî (öl. 340/952) ile devam eden hoca-talebe silsilesinin bir halkasıdır. Bu özelliği sebebiyle Muhammed b. Fadl’ın hayatı, Hanefî mezhebi silsilelerindeki yeri ve referans alınan bazı görüşleri, çalışmamızın konusunu teşkil etmektedir. Muhammed b. Fadl’ın Hanefî fıkıh geleneğindeki yerinin anlaşılması ve görüşlerinin ortaya konulması, kendisinden sonra yetişen ve özellikle mezhebe katkılarıyla öne çıkan Hanefî fakihlerin görüşlerinin kaynaklarının bilinmesi açısından önem arz etmektedir. Ayrıca mezhebin teşekkülünden sonra farklılaşmaya başlayan Irak, Buhara/Semerkant ve Belh Hanefîliğinin ayrıştıkları noktaların ortaya konulmasına yardımcı olacaktır. Muhammed b. Fadl'ın tanıtılması, Hanefî geleneği hoca-talebe silsilelerindeki yeri ve müracaat edilen fıkhî görüşlerinin ortaya konulması, çalışmamızın amaçları arasında yer almaktadır. Ayrıca kendisinden sonra öğrencileriyle devam eden fıkıh silsilelerinin ortaya konulması hedeflenmiştir. Nitel araştırma yöntemlerinden doküman/literatür tarama yönteminin kullanıldığı çalışmamızda elde edilen bilgiler karşılaştırılarak analiz edilmiştir. Araştırma süresince tabakât ve tarih kaynaklarının yanında klasik usûl ve fürû eserleri de taranmıştır. Muhammed b. Fadl’ın görüş ve içtihatları incelendiğinde kendisinin genel olarak kurucu imamların görüşlerine bağlı kaldığı, ancak yaşadığı bölgenin şartları ve örfü gereği zaman zaman onlara muhalefet ettiği bu sebeple meselede müçtehit olduğu sonucuna ulaşılmıştır. Kendisinin görüşlerine daha çok fürû fıkıh ve fetva türü eserlerde başvurulduğu, az sayıda olmakla birlikte fıkıh usûlü ve kelam konularında da görüşlerinin referans alındığı görülmektedir. Muhammed b. Fadl'ın Buhara Hanefî geleneğinde başlangıç halkası olduğu üç farklı ve önemli hoca-talebe silsilesinin olduğu görülmektedir.


* Bu makale, 2. Türkiye Sosyal Bilimler Sempozyumu’nda sözlü olarak sunulan ancak tam metni yayımlanmayan “Muhammed b. Fadl el-Kemârî ve Buhara Hanefî Geleneğindeki Yeri” adlı tebliğin içeriği geliştirilerek ve kısmen değiştirilerek üretilmiş hâlidir.",,"Din Araştırmaları",tr,"Araştırma Makalesi",2022-08-04,2022-09-30,,
871827,"Tabiîn Dönemi Fakihlerinden Esved b. Yezid (ö. 75/694) ve Fıkıh Tarihindeki Yeri",10.26650/iuitd.2020.871827,"Yusuf Erdem Gezgin (KARAMANOĞLU MEHMETBEY ÜNİVERSİTESİ, İSLAMİ İLİMLER FAKÜLTESİ)","Yusuf Erdem Gezgin | ORCID: 0000-0002-0221-8965 | KARAMANOĞLU MEHMETBEY ÜNİVERSİTESİ, İSLAMİ İLİMLER FAKÜLTESİ | KARAMANOĞLU MEHMETBEY ÜNİVERSİTESİ, İSLAMİ İLİMLER FAKÜLTESİ",,,"Fıkıh Tarihi,Sahabe,Tabiin,Esved b. Yezîd,Hanefî Mezhebi","İslam Tetkikleri Dergisi",,2717-6967,"İstanbul Üniversitesi",2021,11,1,243-266,"Fıkhî  mezheplerin  Hz.  Peygamber’den  (s.a.v.)  müctehid  imamlara  uzanan  bilgi  ve  hoca  ağlarına  dayalı  oluşum  sürecinde  Kûfe  şehri  önemli  bir  konuma  sahiptir.  Fıkhî  yaklaşımda  rey  düşüncesinin  öne  çıkmış  olmasıyla  bilinen Kûfe fıkıh ekolünün sembol ismi Abdullah b. Mesud (ö. 32/652-53) ve onun öğrencileridir. Onun meclislerinde yürütülen ilmi faaliyeti aktaran birçok  fakih  olmakla  beraber  en  meşhurları  Alkame  b.  Kays  (ö.  62/682)  ve  Esved  b.  Yezîd’dir  (ö.  75/694).  Çalışma  Esved  ve  onun  fıkıh  tarihindeki  konumu  üzerinde  yoğunlaşmıştır.  Bu  manada  önce  onun  hayatı  ve  ilmi  kişiliği  aktarılmış  sonrasında  sahabe  neslinin  eğitiminden  geçen  onun  da  içerinde  bulunduğu  tabiîlerin  fıkıh  mezheplerinin  oluşumundaki  etkileri  beyan edilmiştir. Esved ile ilgili rivayetler bağlamında onun fıkıh tarihindeki konumu tespit edilmeye çalışılmıştır. Kûfe merkezli fıkıh faaliyeti yürütmesi nedeniyle    Hanefî    mezhebinin    oluşumundaki    etkisiyle    ilgili    ayrıntılı    bilgiler  verilmiştir.  Bu  çerçevede  onun  fıkıh  metodolojisi  ve  furû-i  fıkıh  konusundaki örnek görüşleriyle bu durum teyit edilmiştir. Neticede onun Hanefî  mezhebinin  oluşumunda  icra  ettiği  görevin  mahiyetiyle  ilgili  bir  sonuca varılmıştır.",,"Din Araştırmaları",tr,"Araştırma Makalesi",2021-01-31,2021-02-15,,
788375,"Mısır Hanefiliği: Memlükler Dönemi Hanefi Fıkıh Düşüncesi",,"Mustafa Taş (Niğde Ömer Halisdemir Üniversitesi İslami İlimler Fakültesi)","Mustafa Taş | ORCID: 0000-0002-8556-9479 | Niğde Ömer Halisdemir Üniversitesi İslami İlimler Fakültesi | Niğde Ömer Halisdemir Üniversitesi İslami İlimler Fakültesi",,,"hanefî mezhebi,mısır hanefîliği,memlükler","İslam Tetkikleri Dergisi",,2717-6967,"İstanbul Üniversitesi",2020,10,2,687-691,"Dört büyük Sünnî fıkıh mezhebinden biri olan Hanefîlik hicrî ikinci yüzyılda Ebû Hanîfe ve öğrencilerinin görüşleri doğrultusunda Irak bölgesinde teşekkül etmiş ve daha sonra birçok coğrafyaya yayılmıştır. Buna bağlı olarak mezhep içerisinde Irak, Mâverâünnehir, Mısır, Osmanlı ve Hint Alt Kıtası Hanefîliği gibi pek çok bölgesel alt ekol gelişmiştir. Bu alt ekollerden biri olan Mısır Hanefîliği Abbâsîler tarafından bölgeye Hanefî kadılar atanmasıyla başlamış, Zengîler ve Eyyûbîler döneminde de gelişimini sürdürerek Memlükler ile oluşumunu tamamlamıştır. Bu bağlamda tanıtımını yapacağımız Muş Alparslan Üniversitesi İslam Hukuku kürsüsünde öğretim üyesi Dr. Bekir Karadağ tarafından telif edilen Mısır Hanefîliği: Memlükler Dönemi Hanefî Fıkıh Düşüncesi başlıklı eser Hanefî mezhebinin bir alt ekolü olarak Mısır Hanefîliğini incelemektedir.",,"Din Araştırmaları",tr,"Kitap İncelemesi",2020-08-31,2020-09-11,,
1735117,"Ayrışan Yollar: Hanefî Fıkıh Usulünde Mâverâünnehir ve Iraklı Hanefîler’in İlletin Tahsisine Yaklaşımları",10.26570/isad.1735117,"Hatice Kübra Kahya (İSTANBUL ÜNİVERSİTESİ)","Hatice Kübra Kahya | ORCID: 0000-0002-1976-7354 | İSTANBUL ÜNİVERSİTESİ | İSTANBUL ÜNİVERSİTESİ",,,"Fıkıh usulü,Hanefî,Mu‘tezile,İllet,İlletin tahsisi","İslam Araştırmaları Dergisi",1301-3289,2822-2903,"Türkiye Diyanet Vakfı İslam Araştırmaları Merkezi",2026,,55,215-244,"<p>Bu çalışma, fıkıh usulünün en karmaşık konularından biri olan illetin tahsisini, Hanefî mezhebi özelinde derinlemesine incelemektedir. Çalışma illetin tahsisi meselesinin, kelam ile fıkıh usulü arasındaki derin ilişkiyi yansıtma ve usulî ilkelerin şekillenmesinde kelamî mülahazaların oynadığı rolü ortaya koymada ne kadar işlevsel olduğunu gözler önüne sermektedir. Söz konusu mesele, Hanefî mezhebinin iki ana ekolü olan Irak ve Mâverâünnehir Hanefîliği perspektifinden analiz edilmektedir. Irak ve Mâverâünnehir’deki Hanefî fukaha arasındaki söylem farklılığını inceleyen bu çalışma, farklı kelamî anlayışların mezhep içindeki farklı usulî anlayışlar üzerindeki belirleyici etkisini izah etmektedir. Eser Cessâs, Debûsî, Serahsî ve Pezdevî gibi kilit isimlerin illetin tahsisi ilkesinin yorumlanmasına/yeniden yorumlanmasına yönelik katkılarına dikkat çekerek, meselenin tarihsel gelişimini izlemektedir. Tartışmayı Mu‘tezilî ve Sünnî kelam çerçeveleri arasındaki entelektüel rekabet bağlamına yerleştiren bu çalışma, Hanefî geleneği içerisindeki doktrinel ve metodolojik çeşitliliğe dair çıkarımlar sunmaktadır. Araştırma bulguları, kelamî endişelerin usulî prensipleri nasıl beslediğini ve bu iki önemli Hanefî gelenek arasındaki ayrışmaya nasıl katkıda bulunduğunu gözler önüne sermektedir.</p>",,"İslam Hukuku",en,"Araştırma Makalesi",2025-07-05,2025-11-25,,
1608935,"Şeybânî’den Kerhî’ye Fıkıh Kaidelerinin Tarihçesi",10.56720/mevzu.1608935,"Muhammed Şahin (turkiye diyanet vakfı islam araştırma merkezi)","Muhammed Şahin | ORCID: 0000-0003-1224-8516 | turkiye diyanet vakfı islam araştırma merkezi | turkiye diyanet vakfı islam araştırma merkezi",,,"Fıkh,Usûl,el-Kavaid Fikhiyye,eş-Şeybânî,el-Câmiu,Hanafi mezhebi","Mevzu – Sosyal Bilimler Dergisi",,2667-8772,"Ali SEVER",2025,,13,551-576,"Bu araştırma, fıkıh kaidelerinin (ḳavāʿid fiḳhiyye) erken dönemde, özel-likle Şeybânî ile Kerhî arasındaki süreçte ortaya çıkışını ele almakta ve dö-rdüncü hicri yüzyıldan önceki dönemde fıkıh kaidelerinin erken oluşumuna odaklanmaktadır. Araştırma, fıkıh kaidelerinin ikinci yüzyılda, özellikle Şeybânî’nin (ö. 189/805) el-Câmiʿu’l-Kebîr adlı eseri üzerinden erken şekil-lerde ifade edildiğini ve bunun aynı eserin şârihlerinin yöntemiyle uyumlu olduğunu ortaya koymaktadır. Bu durum, Kerhî’nin (ö. 340/952) Usûlü’nden çok daha erken bir döneme işaret etmektedir. Ayrıca, bu çalışma erken dönemde Hanefî mezhebinin ileri gelenlerinin mevcut kaynaklarında-ki ifadelerin değişimi doğrultusunda fıkıh kaidelerinin ifade biçimlerini de açıklamaktadır. Bu bağlamda araştırma, bağımsız fıkıh kaideleri telifinin erken dönemdeki başlangıç noktasının Şeybânî’nin eseri olduğunu, kaide-lerin ifade biçimlerinin Kerhî öncesinde çeşitlendiğini ve fıkıh kaidelerinin ilk çekirdeğinin Şeybânî’nin çalışmasına dayandığını, nihai tamamlanmasının ise Kerhî’nin kuşağıyla gerçekleştiğini vurgulamaktadır. Bu bakış açısı, fıkıh kaidelerinin Hanefî mezhebi içerisindeki işlevsel doğasıyla ve fıkhın kendine has yapısıyla uyum göstermektedir. Araştırma, daha önce genel bir şekilde ele alınmış olan ikinci ve üçüncü hicri yüzyıllardaki fıkıh kaidelerine daha fazla ışık tutmayı amaçlamaktadır.",,"İslam Hukuku",en,"Araştırma Makalesi",2024-12-28,2025-02-17,,
494215,"Hanefî Fıkıh Usûlü ve Hadis Usûlüne Göre Manevî İnkıtâ‘ ve İttisâl",,"Yusuf Suiçmez","Yusuf Suiçmez",,,"Hadis usûlü,Inkıtâ‘,Hanefî âlimler,Usûl-I fıkh,Mukayese metodu","Hadis Tetkikleri Dergisi",1304-3617,,"Süha Danışmanlık Araştırma Yayıncılık",2016,14,2,77-94,"<p>Hanefî fıkıh usûlü âlimlerinin geliştirmiş olduğu manevî inkıtâ‘ anlayışı ile hadis usûlü</p><p>içinde gelişen inkıtâ‘ anlayışının kavramsal bir ihtilaf mı yoksa metot ihtilafı mı olduğu tartışma</p><p>konusu olmuştur.</p><p>Bu çalışmamızda manevî inkıtâ‘ düşüncesinden doğan ihtilafın kavramsal olduğu; ancak aynı</p><p>konu kapsamında Hanefî ulemâsının mürsel hadise yaklaşımlarının kavramsal bir ihtilafın</p><p>ötesinde metot farklılığı içerdiği sonucuna vardık.</p><p>Mutasavvıfların manevî ittisal ya da inkıtâ‘ anlayışları ise bir hadis ya da fıkıh usûlü konusu</p><p>olmaktan çok epistemoloji ile alakalı bir sorundur. Bundan dolayı hem hadis hem de Hanefî</p><p>fıkıh usûlü âlimleri konuyu hadis ya da fıkıh usûlü kapsamında değerlendirmemişlerdir.</p><p>Aksine manevî ittisal ve inkıtâ‘ düşüncesinin etkisi ile manevî ittisal ile ilgili kavramların üretilmesinden</p><p>kaçınmışlardır. Bu çalışmamızda bu konular etrafındaki tartışmaları, karşılaştırma</p><p>yöntemini kullanarak çözmeye çalıştık.</p>",,"Din Araştırmaları",tr,"Araştırma Makalesi",2016-08-13,,,
327381,"ORTA ASYALI HANEFÎ FAKİHİ SİRÂCEDDİN ALİ B. OSMÂN EL-ÛŞÎ’NİN EL-FETÂVA’S-SİRÂCİYYE ADLI ESERİ VE BAZI FIKHÎ GÖRÜŞLERİ",,"Zharkynbai Sebetov; Kemal Yıldız","Zharkynbai Sebetov; Kemal Yıldız",,,,"İhya Uluslararası İslam Araştırmaları Dergisi",,2149-2344,"Mehmet Ayhan",2016,2,1,52-77,"<p>Orta Asya topraklarında özellikle Hanefî mezhebinin gelişmesinde önemli katkıları bulunan çok sayıda âlim yetişmiştir. Bunlardan biri Sirâceddin Ali b. Osmân el-Ûşî’dir. VI/XII. yüzyılda yaşayan Ûşî, Mâtüridiyye akaidine dair <em>el-Emâlî</em> adlı manzum bir risale yazmış ve daha çok kelâmcı olarak tanınmıştır. Fıkıh ilmi sahasında ise <em>el-Fetâva’s-Sirâciyye</em> isimli bir eser kaleme almıştır. Bu çalışmada Sirâceddin el-Ûşî’nin hayatı ve eseri <em>el-Fetâva’s-Sirâciyye</em> incelenerek onun bazı fıkhî görüşleri değerlendirilecektir.</p><p><strong>Anahtar Kelimeler</strong>: Fıkıh, Hanefî mezhebi, Ûşî, <em>el-Fetâva’s-Sirâciyye</em>, Oş.</p>",,,,,2015-08-24,,,
1215944,"İsa b. Eban’ın Âm, Hâs ve Âm’ın Tahsisiyle İlgili Görüşleri",,"Alpaslan Alkış (KAHRAMANMARAŞ SÜTÇÜ İMAM ÜNİVERSİTESİ, İLAHİYAT FAKÜLTESİ)","Alpaslan Alkış | KAHRAMANMARAŞ SÜTÇÜ İMAM ÜNİVERSİTESİ, İLAHİYAT FAKÜLTESİ | KAHRAMANMARAŞ SÜTÇÜ İMAM ÜNİVERSİTESİ, İLAHİYAT FAKÜLTESİ",,,"İsa b. Eban,Cessâs,İslam Hukuk Usûlü,Âm,Hâs","İslam Hukuku Araştırmaları Dergisi",1304-1045,2791-9730,"Gençleri Evlendirme ve Mehir Vakfı",2019,,33,19-37,"Hanefî mezhebinin usûlünün oluşumunda öncü rolü olan İsa b. Eban, İmam Muhammed’in öğrencisi olmuş ikinci nesil mütekaddimûn fukahâdandır. Îsâ b. Ebân, İmam Muhammed’in öğrencileri arasında kaynaklarda usul ve fürûa dair görüşlerine en çok yer verilen âlimlerden biri olmuştur. Hanefî usul kitaplarında onun görüşleri özellikle sünnet-hadis ve âmm’ın tahsisi bahislerinde nakledilmiştir. İsa b. Eban Hanefî usulünün de daha sonra Hanefî görüşü haline gelen birçok usul kaidesini de ortaya koyan kişi olmuştur. Ayrıca İsâ b. Ebân, kendisinden önceki mezhep imamlarının görüşlerini benimsemekle birlikte onlardan farklı yaklaşımları ve kendine özgü metodu olan bir usulcü olarak tanınmıştır. Ancak İsa b. Eban’ın eserleri günümüze ulaşmamıştır. Bu nedenle fıkıh usûlüne ait görüşlerine çoğunlukla Cessâs’ın el-Fusûl fi’l-Usûl eserinden ulaşılmıştır. İsa b. Eban’ın, fıkıh usulündeki âm ve hâs hakkındaki görüşleri ile âm’ın tahsisi ve âm ile hâs’ın tearuz durumları bu çalışmada incelenmeye konu edinilmiştir.",,"Din, Toplum ve Kültür Araştırmaları ",tr,"Araştırma Makalesi",2018-11-01,,,
1093773,"Hanefî Fıkıh Düşüncesinde Zekâtla İlgili Hükümlere Etkisi Bakımından Ayn-Deyn Ayrımı",10.51553/bozifder.1093773,"Ünal Yerlikaya (Süleyman Demirel Üniversitesi İlahiyat Fakültesi-ISPARTA)","Ünal Yerlikaya | ORCID: 0000-0003-2068-4887 | Süleyman Demirel Üniversitesi İlahiyat Fakültesi-ISPARTA | Süleyman Demirel Üniversitesi İlahiyat Fakültesi-ISPARTA",,,"İslam Fıkhı,Hanefî Fıkıh Düşüncesi,Zekâtla İlgili Hükümler,Ayn,Deyn","Bozok Üniversitesi İlahiyat Fakültesi Dergisi",,2458-9934,"Yozgat Bozok University",2022,21,21,83-110,"Hanefî fıkıh düşüncesinde zekâtla ilgili kimi hükümlerin kendine özgü biçimde açığa çıkmasına kaynaklık eden hususlardan biri, ayn-deyn ayrımıdır. Bu ayrımı Hanefî fıkıh düşüncesi bakımından işlevsel kılan, mahiyeti itibarıyla deynin anlaşılma biçimidir. Ayn-deyn ayrımı ile zekâtla ilgili hükümler arasındaki ilişki bakımından dört husus öne çıkmaktadır ki bu hususlar aynı zamanda çalışmanın kapsamını belirlemektedir. Bunlardan ilki, tam mülkiyet-nâkıs mülkiyet ayrımı ile ayn-deyn ayrımı arasında ne tür bir ilişki bulunduğu; ikincisi, hangi türden deynin zekâta tabi mal kapsamına girdiği; üçüncüsü, kâmil edâya elverişli mal-nâkıs edâya elverişli mal ayrımı ile ayn-deyn ayrımı arasında nasıl bir ilişki olduğu; dördüncüsü ise, zekât yükümlülüğünün deynle edâsının mümkün olup olmadığıdır. Sözü edilen dört hususun Hanefî fıkıh düşüncesi açısından cevaplanması, bu çalışmanın amacını teşkil etmektedir. Ebû Hanîfe’ye göre, borçlunun zimmetinde bulunan deyn (hükmî mal), alacaklıya nispetle mâl-i dımâr niteliğinde olup tam mülkiyet kapsamına girmemektedir. İmâmeyne göre ise deyn, iki istisnası dışında tam mülkiyetin konusu olup zekâta tabidir. Alacakları; kuvvetli, orta ve zayıf alacak şeklinde tasnif eden Ebû Hanîfe’ye göre kuvvetli alacaklar zekâta tabidir, zayıf alacaklar ise değildir. Kuvvetli alacakların zekâta tabi olması, onların zekâta tabi bir aynın deyne dönüşümü sonucu açığa çıkmış olmaları sebebiyledir. Orta kuvvette alacaklar konusunda ise Ebû Hanîfe’den, onların zekâta tabi olduğu ve olmadığı biçiminde iki farklı görüş nakledilmiştir. Ayn-deyn ayrımı sebebiyle Hanefî fıkıh düşüncesinde, zekât yükümlülüğünün alacakla edâsı, bir istisnası dışında, meşru görülmemiştir.",,"Din Araştırmaları",tr,"Araştırma Makalesi",2022-03-26,2022-06-08,,
1281461,"Hanefî Mezhebinde Zekâtın Eda Edilme Zamanı Problemi ve İbnü’l-Hümâm’ın Tercihinin Sonraki Literatüre Etkisi",10.56720/mevzu.1281461,"Abdurrahman Bulut (KOCAELİ ÜNİVERSİTESİ, İLAHİYAT FAKÜLTESİ)","Abdurrahman Bulut | ORCID: 0000-0003-4631-7911 | KOCAELİ ÜNİVERSİTESİ, İLAHİYAT FAKÜLTESİ | KOCAELI UNIVERSITY, FACULTY OF THEOLOGY",,,"İslam Hukuku,Hanefî,Zekât,Fevr-Terâhi,İbnü’l-Hümâm","Mevzu – Sosyal Bilimler Dergisi",,2667-8772,"Ali SEVER",2023,,"Ö1 - İslami İlimler Özel Sayısı",1-29,"Fıkıh ilmi amel bakımından hak ve yükümlülükleri konu edinen bir ilim dalıdır. Kişilerin dinî yükümlülüklerinin başında ibadetler yer alır. Mükellef kişinin sorumluluğunu hakkıyla yerine getirmesi, ibadetlerin eda şartlarına riayet ederek ifası ile mümkündür. Bazı ibadetler belli vakitlerle kayıtlı olarak diğer bazı ibadetler ise bir vakitle kayıtlı olmaksızın mutlak emir ile sabit kılınmıştır. Bu tür mutlak emir ile sabit olan ibadetler arasında sayılan zekât ibadetinin gerekli şartları taşıyan bir kişi tarafından derhal mi eda edilmesi gerektiği (fevr) yoksa daha sonra eda etme niyeti taşımakla birlikte tehir etme imkânının olup olmadığı (terâhi) fıkıh âlimleri arasında tartışılmıştır. Zekâtın eda zamanı problemi, usûldeki mutlak emrin zaman bakımından delaleti konusu ile belli ölçüde irtibatlı olmakla birlikte hâricî bazı karineler de dikkate alındığı için müstakil bir mesele olarak ele alınmak durumundadır. Zekâtın eda zamanı meselesinde, Hanefî fıkıh literatüründe ilk dönemlerden itibaren mezhep imamlarının benimsediği görüşlere dair farklı rivayetler nakledilmiştir. Bunun bir sonucu olarak Hanefî fakihleri mezhep içi tercih hususunda farklı görüşler benimsemiştir. Bu durum, Hanefî mezhebine bu meselede belirli bir görüşü nispet etmeyi zorlaştırmış ve çağdaş dönemdeki ilgili çalışmalarda Hanefî mezhebine farklı görüşlerin nispet edilmesine sebep olmuştur. Bu makalede, Hanefî mezhebi tarihinde farklı rivayetlerin nakledilmesi, görüş ihtilafları ve mezhep içi tercih bağlamında usûl ve fürû eserleri arasında mukayeseli ve kronolojik bir okuma yapılarak zekâtın eda zamanı meselesinin izi sürülmeye çalışılmıştır. Fürû ve usûl alanında temsil kabiliyeti bulunan temel eserler itibariyle Hanefî fıkıh literatürüne dair yapılan okuma neticesinde bu meseleye dair erken dönemdeki hâkim görüş ile geç dönemdeki hâkim görüşün farklı olduğu tespit edilmiştir. Görebildiğimiz kadarıyla çağdaş dönemdeki ilgili çalışmalarda bu hususa temas edilmemektedir. İbnü’l-Hümâm’ın Fethu’l-kadîr isimli el-Hidâye şerhindeki şahsi kanaatini ifade ettiği açıklamalarının, mezhep içi tercihe dair tarihsel süreçteki değişikliğin bir kırılma noktası olarak değerlendirilmesinin mümkün olduğu görülmüştür. Nitekim İbnü’l-Hümâm’ın bu meseledeki tercihi, erken dönemdeki hâkim görüş ile paralel olan el-Hidâye müellifinin tercihinden farklıdır.",,"İslam Hukuku",tr,"Araştırma Makalesi",2023-04-11,2023-05-29,,
589362,"Bir Hanefi Klasiği: Merginani'nin el-Hidaye'si ve Üzerine Yapılan Çalışmalar",,"Murat Şimşek","Murat Şimşek",,,"hanefilik,merginani","Türkiye Araştırmaları Literatür Dergisi",1303-9369,2687-6299,"Bilim ve Sanat Vakfı",2017,12,23,279-321,"<p><span style=""font-size: 12px;"">Fıkıh tarihinin araştırma alanlarından biri literatür (tabakâtü’l-kütüb) taramasıyla&nbsp;</span><span style=""font-size: 12px;"">alanın dökümünün yapılması ve envanterinin çıkarılmasıdır. Hanefî füru fıkıh&nbsp;</span><span style=""font-size: 12px;"">literatürünün temsil gücü en yüksek metinlerinden biri Mergînânî’nin&nbsp;</span><span style=""font-size: 12px;"">el-Hidâyesi’dir. Mergînânî, Orta Asya Hanefi fıkıh geleneği içinde yetişen önemli&nbsp;</span><span style=""font-size: 12px;"">bir fakihtir. Yaşadığı dönemde bölge Selçuklular, Karahanlılar ve Karahıtaylar&nbsp;</span><span style=""font-size: 12px;"">arasındaki siyasî mücadelelere sahne olmuştur. Mergînânî, döneminin ileri gelen&nbsp;</span><span style=""font-size: 12px;"">Hanefî âlim ve ailelerinden destek görmüş olmalıdır. O, Hanefî ilim ve icazet&nbsp;</span><span style=""font-size: 12px;"">silsilerinin aktarımında ana güzergâh noktasında yer almaktadır. el-Hidâye adlı&nbsp;</span><span style=""font-size: 12px;"">eseri ve bunu rivayet eden tedris silsilesiyle tesiri kısa zamanda Anadolu ve Dımaşk&nbsp;</span><span style=""font-size: 12px;"">bölgesinde yayılmış, ardından Osmanlı ilim geleneğinde önemli bir yer edinmiştir.&nbsp;</span><span style=""font-size: 12px;"">Bu eser yazıldığı tarihten bugüne mezhebin muteber metinlerinden biri olarak&nbsp;</span><span style=""font-size: 12px;"">görülmüş, medreselerde ders kitabı olarak okutulmuş, üzerine şerh, hâşiye, ihtisar,&nbsp;</span><span style=""font-size: 12px;"">ta‘lîk, zevâid, hadislerinin tahrici ve tercüme gibi türlerde onlarca çalışma&nbsp;</span><span style=""font-size: 12px;"">yapılmıştır. Bir kısmı günümüze ulaşmayan bu çalışmalar yanında yakın dönemde&nbsp;</span><span style=""font-size: 12px;"">el-Hidâye üzerine yapılan telif ve tercüme şeklinde çalışmalar da mevcuttur.</span></p>",,,tr,"Araştırma Makalesi",2016-09-15,,,
379118,"Usûl Adlı Eseri Bağlamında Hanefî Usûlcü Pezdevî’ye Göre Sünnet ve Haberin Çeşitleri",,"Nurullah Agitoğlu","Nurullah Agitoğlu",,,"Pezdevî,fıkıh usûlü,sünnet,haber","Şırnak Üniversitesi İlahiyat Fakültesi Dergisi",2146-4901,2667-6575,"Şırnak Üniversitesi",2017,8,16,7-25,"<p class=""MsoNormal"" style=""margin-bottom:6.0pt;text-align:justify;text-indent:
35.45pt;line-height:150%;mso-layout-grid-align:none;text-autospace:none""><span style=""font-size:12.0pt;line-height:150%;font-family:&quot;Times New Roman&quot;,serif;
mso-ascii-theme-font:major-bidi;mso-hansi-theme-font:major-bidi;mso-bidi-theme-font:
major-bidi"">Hicri V. Asır, Debûsî, Serahsî ve Pezdevî gibi önemli usûl âlimlerinin
yaşadığı bir dönem olarak Hanefî fıkıh doktrininin klasik şekil ve muhtevasını
kazanmasına sahne olmuştur. Hanefi mezhebinde Serahsî ve Pezdevî ile birlikte
klasik usûl geleneği teşekkül dönemini tamamlamıştır. Özellikle Pezdevî’nin <i>Usûl</i>’ünün
kendinden sonraki birçok çalışmayı konu, kapsam ve sistematik açıdan büyük
oranda etkilediği vurgulanmıştır. Pezdevî’nin Hanefî fıkıh usûlündeki ağırlığı
ve etkinliği göze çarpmaktadır. Pezdevî, Serahsî’nin çağdaşı olup Halvânî’nin mektebinde
Serahsî’ye arkadaşlık etmiştir. Pezdevî, tefsir ve hadis alanında zamanının
önemli âlimlerinden birisi sayılmıştır.</span><span style=""font-size: 12pt; line-height: 150%; font-family: &quot;Times New Roman&quot;, serif;""> Kaynaklarda
kendine has bir yöntem ve yaklaşım sahibi olarak nitelenen ve eserlerinde son
derece sistematik bir yol izleyen Pezdevî’nin özellikle <i>Usûl </i>adlı eseri
hem başvuru kaynağı hem ders kitabı olarak yaygın biçimde kullanılmıştır. Hanefî/fukaha
metoduna göre yazılan fıkıh usûlü eserlerinin en önemlilerinden sayılan kitabın
başarısının uzun bir ilmî geleneği taçlandırmasından kaynaklandığı ifade
edilmiştir. </span><span style=""font-size:12.0pt;line-height:150%;font-family:
&quot;Times New Roman&quot;,serif;mso-ascii-theme-font:major-bidi;mso-hansi-theme-font:
major-bidi;mso-bidi-theme-font:major-bidi"">Sünnet bahsi Pezdevî’nin eserinde
önemli bir yer işgal etmektedir. Pezdevî fıkıh usûlü konularını altında
topladığı dört bölümden ikincisine, sünnet başlığını tercih etmiştir. Diğerleri
genelde haber başlığını tercih etmişlerdir. Bu çalışmada Pezdevî’nin <i>Usûl</i>
adlı eserinde sünnet ve haberin çeşitlerine yaklaşımı tespit edilip değerlendirilecektir.
Çalışma içerisinde onun, sünnet ve haber konularını eserinde akıcı bir üslup ve
âdeta ders kitabı formatında işlediği açıkça görülecektir.<o:p></o:p></span></p>",,,,"Araştırma Makalesi",2017-02-07,,,
1477878,"Farz ve Vâcip Ayrımının Fürû-ı Fıkha Yansıması",10.18506/anemon.1477878,"Rifat Yıldız (MUŞ ALPARSLAN ÜNİVERSİTESİ, İSLAMİ İLİMLER FAKÜLTESİ)","Rifat Yıldız | ORCID: 0000-0002-3126-7854 | MUŞ ALPARSLAN ÜNİVERSİTESİ, İSLAMİ İLİMLER FAKÜLTESİ | MUŞ ALPARSLAN ÜNİVERSİTESİ, İSLAMİ İLİMLER FAKÜLTESİ",,,"islam hukuku,Usul,Farz,Vâcip,Hüküm","Anemon Muş Alparslan Üniversitesi Sosyal Bilimler Dergisi",,2149-4622,"Muş Alparslan Üniversitesi",2025,13,1,131-146,"Hüküm meselesi fıkıh usulü ve fürû-ı fıkıh çalışmalarının temel konularından biridir. Zira fıkıh usulü şer‘î delillerden nasıl hüküm elde edileceğini konu edinirken fürû-ı fıkıh da tespit edilen yöntemlerle hükümlere ulaşmayı ve onları uygulamayı ele almaktadır. Bu nedenle gerek usul eserlerinde gerekse de fürû kitaplarında hüküm meselesi ve hüküm türlerini ifade için kullanılan farz ve vâcip kavramlarının aynı şeyi ifade edip etmediği yani eş anlamlı olup olmadıkları konusu tartışılan bir mesele olmuştur. Mütekellimin usulcüler farz ve vâcip kavramlarının müteradif olduklarını iddia ederken Hanefîler farz ve vâcip terimlerinin farklı manalara geldiğini ileri sürmüşlerdir. Farz ve vâcip kavramlarıyla alakalı usulî görüş ayrılığı nedeniyle gerek usul gerekse de fürû eserlerinde Hanefî ve mütekellimin âlimler arasında birçok fıkhî ihtilaf ortaya çıkmış ve bu da tartışmalara yol açmıştır. Bu nedenle Hanefîlerle mütekellimin âlimler arasındaki farz ve vâcip kavramlarının manalarından kaynaklı görüş ayrılıklarını tespit etmek önem arz etmektedir. Çalışmamızda farz ve vâciple ilgili Hanefî ve mütekellimin âlimlerin görüşleri ele alınıp değerlendirilmeye çalışılacaktır. Sonrasında usulcülerin farz ve vâcip kavramıyla alakalı anlayışlarının fürû-ı fıkha yansıması konu edinilecektir. Mesele analizi için Hanefî ve mütekellimin usulcülerin usul eserlerine ve fürû kitaplarına müracaat edilecektir.",,"İslam Araştırmaları (Diğer)",tr,"Araştırma Makalesi",2024-05-03,2024-12-25,,
326798,"Hanefî Fıkıh Literatüründe Gelenek Oluşturan Kayıp Bir Metin: Muhtasarü’l-Kerhî",10.26570/isad.326798,"Orhan Ençakar","Orhan Ençakar",,,"Kerhî,el-Muhtasar,Hanefîlik,teşekkül dönemi","İslam Araştırmaları Dergisi",1301-3289,2822-2903,"Türkiye Diyanet Vakfı İslam Araştırmaları Merkezi",2017,,37,7-32,"<p>Mezhep imamlarından aktarılan fıkıh mesâilini kısa ve öz olarak tek bir metinde</p><p>toplamalarının sağladığı kolaylıkla tedris faaliyetlerinde tercih sebebi olan muhtasarlar,</p><p>belli bir dönem sonra mezhep mesâilinin gelecek nesillere aktarılmasında</p><p>birinci el kaynaklar haline gelmişlerdir. Bu muhtasarlardan biri de Hanefî mezhebi</p><p>teşekkül dönemi ilk muhtasar müelliflerinden ve dönemin Bağdat Hanefîleri’nin</p><p>reisi Kerhî’nin el-Muhtasar’ıdır. Eser, Hanefî mezhebi klasik dönem muhtasarlarının</p><p>model metni Kudûrî’ye ait el-Muhtasar’ın da temel kaynağıdır. Kerhî’nin</p><p>usule dair görüşleri mezhebin usûl-i fıkıh anlayışında etkili olduğu gibi, fıkha dair</p><p>telif ettiği bu eseri de Kudûrî’nin el-Muhtasar’ı üzerinden mezhebin klasik dönem</p><p>muhtasar metinlerine yön vermiştir.</p>",,Hukuk,,"Araştırma Makalesi",2017-07-05,2017-04-02,,
590097,"Molla Hüsrev'in Şerhu Usuli'l-Pezdevi Eseri Üzerine Bazı Değerlendirmeler",,"Abdurrahim Kozalı","Abdurrahim Kozalı",,,"osmanlı,molla hüsrev","Türkiye Araştırmaları Literatür Dergisi",1303-9369,2687-6299,"Bilim ve Sanat Vakfı",2017,11,22,285-304,"<p>Bu makalede, Osmanlı döneminin en önemli hukuk bilginlerinden Molla Hüsrev’in,</p><p>Hanefî fıkıh usûlü geleneğinin, gerek içerik gerekse sistematik bakımdan en etkili</p><p>standart metinlerinden Usûlü’l-Pezdevî’ye yazdığı şerhin bir değerlendirilmesi yapılmaya</p><p>çalışılmıştır. Ne yazık ki, nâtamam bir çalışma olan bu şerh, Usûlü’l-Pezdevî’nin</p><p>Molla Hüsrev tarafından açıklanmış olan kısmının Hanefî fıkıh düşüncesini çok iyi</p><p>yansıtıyor olması bakımından yine de hususî bir öneme sahiptir. Haddizâtında birçok</p><p>şerhe konu olan Usûlü’l-Pezdevî, bu kez Molla Hüsrev tarafından, kendi döneminin</p><p>bilimsel bakış açısı esas alınarak açıklanmaya çalışılmıştır. İçerikten ziyade biçime</p><p>dönük olduğu ifade edilebilecek söz konusu bakış açısının evrensel bir dil arayışını</p><p>temsil ettiğini söylemek mümkündür.</p>",,,tr,"Araştırma Makalesi",2016-09-15,,,
852038,"MOLLA HÜSREV’İN ŞEYH BEDREDDİN’E YÖNELTTİĞİ ELEŞTİRİLER VE TAHLİLİ",10.61304/did.852038,"Mustafa Bülent Dadaş (DİYANET İŞLERİ BAŞKANLIĞI)","Mustafa Bülent Dadaş | ORCID: 0000-0002-9892-4206 | DİYANET İŞLERİ BAŞKANLIĞI | DİYANET İŞLERİ BAŞKANLIĞI",,,"Şeyh Bedreddin,Molla Hüsrev,et-Teshîl,Dürerü’l-hükkâm,Fâzıl Emîr,Dürer Hâşiyeleri","Diyanet İlmi Dergi",1300-8498,2822-2261,"Diyanet İşleri Başkanlığı",2021,57,1,241-276,"<div style=""text-align:justify;""><span style=""font-size:14px;"">Fıkıh geleneğimizde oldukça önemli bir yer tutan tenkit ve eleştirel yaklaşım, farklı fıkıh mezhepleri ya da aynı mezhebe mensup fakihler arasında söz konusu olabilmiştir. Bu kültürün özellikle Ebû Hanîfe’nin fıkıh derslerinde en canlı şekilde yaşatıldığı bilinmektedir. Mezhep içinde eleştirel yöntemi benimseyenlerden biri de Hanefî fıkıh okulunun Osmanlı coğrafyasında yetiştirdiği önemli fakihlerden biri olan Şeyh Bedreddin’dir. Bedreddin’in tenkitlerinin önemli bir kısmını, Hanefî mezhebi imamlarının görüşleri arasında yaptığı sorgulamaları oluşturur. Onun bu eleştirileri mezhep içinde cevapsız kalmamış; Osmanlı Devleti’nin yetiştirdiği büyük âlim Molla Hüsrev fıkha dair eseri ed-Dürer’de isim belirtmeden Bedreddin’in bu itirazlarına sert bir üslupla cevap vermiştir. Bu makalede; Hanefi Hukuk Literatüründe kalıcı izler bırakan bu iki âlimin bahse konu eleştirilerine yer verilmiştir. Konuya giriş mahiyetinde her iki fakihin biyografisi ve fıkha dair eserlerine kısaca temas edilmiş; tartışmalara müdahil olan diğer fakihlerin kanaatlerinden de istifade edilerek bu noktalarda değerlendirmelerde bulunulmuştur.</span><br /></div>",,"Din Araştırmaları",tr,"Araştırma Makalesi",2021-01-11,2021-03-01,,
1745999,"Hanefî Furû Fıkıh Literatüründe Şeklî Benzerlik",,"Ahmet Aydın (İZMİR KATİP ÇELEBİ ÜNİVERSİTESİ, İSLAMİ İLİMLER FAKÜLTESİ)","Ahmet Aydın | İZMİR KATİP ÇELEBİ ÜNİVERSİTESİ, İSLAMİ İLİMLER FAKÜLTESİ | İZMİR KATİP ÇELEBİ ÜNİVERSİTESİ, İSLAMİ İLİMLER FAKÜLTESİ",,,"Şeklî Benzerlik,Hanefî Doktrini,Öz-Şekil","İslam Hukuku Araştırmaları Dergisi",1304-1045,2791-9730,"Gençleri Evlendirme ve Mehir Vakfı",2015,,26,85-105,"Hanefî eserlerde birçok meselenin öz ve şekil itibarıyla incelendiği görülmektedir. Hükümlere ulaşmada şekilden ziyade, öze önem veren Hanefî hukukçular, bazı meselelerde şekli daha ziyade itibara almışlardır. Hanefî fakihlerin hukukî meselelerde şeklin değil; özün itibara alınması gerektiğini belirten ifadeleri, şeklin etkili olduğu örneklerin eserlerde nadir bulunmasıyla paralellik arz etmektedir. Şeklin ön plana çıktığı örneklerin bir kısmında hukukçuların şeklî benzerliğe dayalı muhakeme metodunu takip ettikleri tespit edilmiş ve bu meseleler makalemizde analiz edilmiştir.",,"İslam Hukuku",tr,"Araştırma Makalesi",2015-05-01,2015-10-30,,
1535997,"Hanefî Fıkhında Kuvvetliyi Zayıfa Takdim İlkesi ile İstidlâl: Kudûrî ve Serahsî Örneği",10.34082/islamiilimler.1535997,"Bünyamin Korucu (PAMUKKALE ÜNİVERSİTESİ, İLAHİYAT FAKÜLTESİ, İLAHİYAT PR.)","Bünyamin Korucu | ORCID: 0000-0001-8788-6171 | PAMUKKALE ÜNİVERSİTESİ, İLAHİYAT FAKÜLTESİ, İLAHİYAT PR. | PAMUKKALE UNIVERSITY, FACULTY OF THEOLOGY, THEOLOGY PR.",,,"Fıkıh,Hanefî Fıkhı,Küllî Kaide,Takdim İlkesi,İstidlâl,Kudûrî,Serahsî","İslami İlimler Dergisi",1306-7044,3023-7661,"Çorum Çağrı Eğitim Vakfı",2025,,40,25-42,"Kuvvetliyi zayıfa takdim ilkesi aynı anda bir arada bulunmaları mümkün olmayan iki çelişik durumdan birini diğerine tercihte dikkate alınacak ölçüyü ifade eder. Takdim ilkesini dikkate alarak yapılacak öncelemenin gerekçesi, takdim edilen şeyin bir veya daha çok yönden diğer durum veya olgudan daha kuvvetli bir konuma sahip olmasıdır. Bu çalışma bütün disiplinlerdeki akıl yürütme tarzlarında önemli bir yere sahip olan bu ilkeyi fıkıh ilmi açısından araştırma konusu yapmakta ve mezkûr ilkenin mahiyeti, kapsamı, önemi, tatbik şartları, diğer küllî ilkelerle münasebeti ve onlar arasındaki konumunu araştırmaktadır. Yapılan araştırmalarda takdim ilkesinin Hanefî fıkhında bir istidlâl kaynağı olarak kullanımı hakkında daha önce yapılmış hususi bir çalışmaya rastlanmamıştır. Bu nedenle makale husûsen Hanefî fıkhında bu ilkeye dayalı fıkhî istidlal tarzını örnek fıkıh meseleleri üzerinden ortaya koymayı amaçlamaktadır. Çalışmada, belirlenen eserler üzerinde gerçekleştirilen doküman analizi, elde edilen verilere dayalı betimleme, çözümleme ve yorumlama yöntemleri kullanılmıştır. Araştırmada elde edilen bulgulara göre takdim ilkesi birçok fıkıh ve fıkıh usûlü kaidesinin esasını teşkil etmekle birlikte fıkıh ve fıkıh usulü kaideleri arasında mütalaa edilmemektedir. Bu durumun muhtemel nedeni takdim ilkesinin fıkıh ve fıkıh usulü kurallarından farklı yön ve vasıflara sahip aklî-mantıkî kurallar arasında değerlendirilmiş olmasıdır. Deliller arası teâruz durumlarında uygulanacak tercih kurallarının tespitinde önemli bir role sahip olan takdim ilkesi şer’î maksat ve maslahatların öncelik-sonralık durumlarının tespitinde de en sık işletilen prensipler arasında yer alır. Fıkıh mezheplerinin, kendi usulleri uyarınca elde ettikleri fıkhî hükümleri temellendirmek ve bu hükümleri muhaliflere karşı savunmak amacıyla da bu ilkeye sıkça başvurdukları görülür. Takdim ilkesinin Hanefî fıkhında bir istidlâl aracı olarak kullanım tarzlarını konu alan bu çalışmada örnek metinler olarak seçilen Kudûrî’nin (öl. 428/1037) et-Tecrîd’i ile Serahsî’nin (öl. 483/1090 [?]) el-Mebsût’undan seçilen örnek meselelerde de bu ilkenin zikredilen amaçlarla istihdam edildiği açıkça görülmektedir.",,"İslam Hukuku",tr,"Araştırma Makalesi",2024-08-20,2025-01-16,Yok,
1743260,"Osmanlı’da Fıkhın Hukuksallaşması Sorununa Çözüm Arayışları: Tercîhü’l-beyyinât Geleneği",10.33420/marife.1743260,"Bahaddin Karakuş (AFYON KOCATEPE ÜNİVERSİTESİ); Ozat Shamshiyev (ANKARA SOSYAL BİLİMLER ÜNİVERSİTESİ)","Bahaddin Karakuş | ORCID: 0000-0003-1980-0705 | AFYON KOCATEPE ÜNİVERSİTESİ | AFYON KOCATEPE ÜNİVERSİTESİ; Ozat Shamshiyev | ORCID: 0000-0002-9385-7235 | ANKARA SOSYAL BİLİMLER ÜNİVERSİTESİ | ANKARA SOSYAL BİLİMLER ÜNİVERSİTESİ",,,"İslam Hukuku,Osmanlı Hukuku,Hanefi Fıkhı,Beyyinelerin Tercihi,Muhakeme Usûlü","Marife Dini Araştırmalar Dergisi",,2630-5550,"Yediveren Kitap",2025,25,2,729-749,"Osmanlı hukuk düşüncesi, büyük ölçüde Hanefî fıkhı ile önceki Türk-İslam devletlerinden tevarüs eden hukukî birikimin senteziyle şekillenmiştir. 16. yüzyılın başlarında, Osmanlı topraklarının genişlemesine paralel olarak hukuk sisteminde bazı kurumsal düzenlemelere gidilmiştir. Bunlardan biri, hukukî birlik sağlamak amacıyla kadıların Hanefî mezhebi içindeki en sahih görüşle hüküm vermeye mecbur tutulmasıdır. Bu uygulama, zamanla hem tedrisat yöntemlerini hem de fıkıh literatüründeki telif anlayışını etkilemiş; bu çerçevede, 16. yüzyılın başlarında Vankulu Mehmed Efendi (öl. 1000/1592) tarafından kaleme alınan Tercîḥü’l-beyyinât adlı eser, sonraki yüzyıllarda benzer isimler ve içeriklerle gelişerek özgün bir literatür meydana getirmiştir. Bu eserler, özellikle Osmanlı’nın son dönemlerine kadar kadıların başvuru kaynakları arasında yer almış; temel olarak hâkimin birden fazla muteber beyyine ile karşılaştığı durumlarda, Hanefî mezhebinin en güçlü görüşü doğrultusunda nasıl karar vermesi gerektiğini sistematik biçimde ortaya koymuştur. Böylece, daha önce klasik fıkıh eserlerinde dağınık hâlde yer alan muhakeme esaslarını derleyip analiz ederek, alana özgün bir katkı sunmuştur. 16. yüzyıldan itibaren Osmanlı coğrafyasında ortaya çıkan bu eserler, Hanefî fıkıh literatürünün ve Osmanlı hukuk yapısının dinamik ve gelişime açık niteliğini yansıtan önemli örneklerdir. Ancak bu zengin literatürün büyük bir kısmı hâlen yazma eser hâlinde kütüphanelerde bulunmaktadır.
Mevcut akademik çalışmalar Tercîḥü’l-beyyinât literatürüne katkı sunsa da bu eserlerin tarihsel ve sosyo-hukukî bağlamı, doğuş nedenleri, Hanefî mezhebi içindeki yeri ve sonraki fıkıh ve yargı literatürüne etkisi bakımından bütüncül bir çerçevede ele alınmadığı görülmektedir. Genellikle metin merkezli veya örnek analiz düzeyinde kalan bu çalışmaların ötesine geçmek amacıyla hazırlanan bu çalışma, Tercîḥü’l-beyyinât literatürünün tarihî kökenlerini ve metodolojik gelişimini analiz etmeyi; aynı zamanda Hanefî fıkıh düşüncesi içindeki konumunu ve Osmanlı’daki yargılama pratiğine olan etkilerini tespit etmeyi hedeflemektedir. Bu bağlamda çalışmanın temel problemi, ""Osmanlı’da fıkhın hukuksallaşma süreci çerçevesinde Tercîḥü’l-beyyinât literatürünün rolü nedir ve Hanefî fıkhı açısından önemi nasıl değerlendirilmelidir? Bu sürecin öncüsü olan sosyal, siyasal ve hukuki gelişmeler nelerdir? Literatürün Osmanlı son dönemine kadar süreklilik arz edecek şekilde ilerlemesinde hangi amiller etkili olmuştur?"" gibi soruların etrafında şekillenmektedir. Araştırma, bu soruya cevap bulmak amacıyla nitel içerik analizine dayalı tarihsel ve kavramsal bir inceleme yöntemi benimsemiştir. Veri kaynağı olarak, çoğu yazma hâlinde bulunan Tercîḥü’l-beyyinât eserleri ile Hanefî fıkhının Osmanlı hukuk sistemiyle kesişimini ele alan akademik literatür esas alınmıştır.
Edebü’l-kādî, resmü’l-müftî ve nihayetinde Tercîḥü’l-beyyinât literatürü, Hanefî muhakeme usûlünün tarihsel gelişiminde ardışık aşamaları temsil etmektedir. İlk aşamada hâkimin yargı etiğine ilişkin sorumluluklarını belirleyen edebü’l-kādî, zamanla usûlî ve kurumsal bir boyut kazanmıştır. Ardından gelen resmü’l-müftî literatürü, başlangıçta müftülere yönelik olsa da ictihadî sorumluluk taşıyan hâkimler için de rehberlik edici bir alan hâline gelmiştir. Tercîḥü’l-beyyinât ise, özellikle beyyinelerin çatıştığı dar ve teknik yargı anlarında, hâkimin başvuracağı tercih yöntemlerini sistematize eden en ileri aşamayı temsil eder. Fürû‘, usûl ve kavâid literatürleri, Osmanlı yargı sisteminde hâkimin başvurduğu başlıca kaynaklardır. Hâkim öncelikle fürû‘ kitaplarında meseleyi çözmeye çalışır; bu mümkün değilse, usûl ilkeleri ve kavâid çerçevesinde çözüm üretir. Ancak delillerin çatışması, beyyinelerin eşit ağırlıkta olması veya şahitlikte çelişki gibi teknik durumlar söz konusu olduğunda bu kaynaklar yetersiz kalabilmekte; bu noktada Tercîḥü’l-beyyinât literatürü devreye girmektedir. Sonuç olarak Tercîḥü’l-beyyinât literatürü, yalnızca bir fıkıh yazın türü değil; aynı zamanda hukukî istikrar, fıkhî derinlik ve kurumsallaşmış bir içtihat geleneğini yansıtan Osmanlı-Hanefî yargı sisteminin özgün bir ürünüdür. Bu bağlamda söz konusu literatür, farklı yönleriyle hâlâ keşfedilmeyi bekleyen, Osmanlı’nın Hanefî fıkhına yaptığı önemli katkılardan biridir.",,"İslam Hukuku",tr,"Araştırma Makalesi",2025-07-16,2025-10-02,,
377727,"Hicri VIII. Asır Hanefî Usûlcülerinin Bazı Hadis Meselelerine Yaklaşımı: Sadrüşşerîa Örneği",,"Nurullah Agitoğlu","Nurullah Agitoğlu",,,"Fıkıh Usûlü,Sünnet,haber,Sadrüşşerîa","Şırnak Üniversitesi İlahiyat Fakültesi Dergisi",2146-4901,2667-6575,"Şırnak Üniversitesi",2017,8,18,9-22,"<p class=""MsoNormal"" style=""margin-bottom:0cm;margin-bottom:.0001pt;text-align:
justify;text-indent:35.4pt;line-height:150%""><!--[if gte mso 9]><xml>
 <o:OfficeDocumentSettings>
  <o:RelyOnVML></o:RelyOnVML>
  <o:AllowPNG></o:AllowPNG>
 </o:OfficeDocumentSettings>
</xml><![endif]--><!--[if gte mso 9]><xml>
 <w:WordDocument>
  <w:View>Normal</w:View>
  <w:Zoom>0</w:Zoom>
  <w:TrackMoves></w:TrackMoves>
  <w:TrackFormatting></w:TrackFormatting>
  <w:DoNotShowRevisions></w:DoNotShowRevisions>
  <w:DoNotPrintRevisions></w:DoNotPrintRevisions>
  <w:DoNotShowComments></w:DoNotShowComments>
  <w:DoNotShowInsertionsAndDeletions></w:DoNotShowInsertionsAndDeletions>
  <w:DoNotShowPropertyChanges></w:DoNotShowPropertyChanges>
  <w:HyphenationZone>21</w:HyphenationZone>
  <w:PunctuationKerning></w:PunctuationKerning>
  <w:ValidateAgainstSchemas></w:ValidateAgainstSchemas>
  <w:SaveIfXMLInvalid>false</w:SaveIfXMLInvalid>
  <w:IgnoreMixedContent>false</w:IgnoreMixedContent>
  <w:AlwaysShowPlaceholderText>false</w:AlwaysShowPlaceholderText>
  <w:DoNotPromoteQF></w:DoNotPromoteQF>
  <w:LidThemeOther>TR</w:LidThemeOther>
  <w:LidThemeAsian>X-NONE</w:LidThemeAsian>
  <w:LidThemeComplexScript>AR-SA</w:LidThemeComplexScript>
  <w:Compatibility>
   <w:BreakWrappedTables></w:BreakWrappedTables>
   <w:SnapToGridInCell></w:SnapToGridInCell>
   <w:WrapTextWithPunct></w:WrapTextWithPunct>
   <w:UseAsianBreakRules></w:UseAsianBreakRules>
   <w:DontGrowAutofit></w:DontGrowAutofit>
   <w:SplitPgBreakAndParaMark></w:SplitPgBreakAndParaMark>
   <w:EnableOpenTypeKerning></w:EnableOpenTypeKerning>
   <w:DontFlipMirrorIndents></w:DontFlipMirrorIndents>
   <w:OverrideTableStyleHps></w:OverrideTableStyleHps>
  </w:Compatibility>
  <m:mathPr>
   <m:mathFont m:val=""Cambria Math""></m:mathFont>
   <m:brkBin m:val=""before""></m:brkBin>
   <m:brkBinSub m:val=""&#45;-""></m:brkBinSub>
   <m:smallFrac m:val=""off""></m:smallFrac>
   <m:dispDef></m:dispDef>
   <m:lMargin m:val=""0""></m:lMargin>
   <m:rMargin m:val=""0""></m:rMargin>
   <m:defJc m:val=""centerGroup""></m:defJc>
   <m:wrapIndent m:val=""1440""></m:wrapIndent>
   <m:intLim m:val=""subSup""></m:intLim>
   <m:naryLim m:val=""undOvr""></m:naryLim>
  </m:mathPr></w:WordDocument>
</xml><![endif]--><!--[if gte mso 9]><xml>
 <w:LatentStyles DefLockedState=""false"" DefUnhideWhenUsed=""false""
  DefSemiHidden=""false"" DefQFormat=""false"" DefPriority=""99""
  LatentStyleCount=""371"">
  <w:LsdException Locked=""false"" Priority=""0"" QFormat=""true"" Name=""Normal""></w:LsdException>
  <w:LsdException Locked=""false"" Priority=""9"" QFormat=""true"" Name=""heading 1""></w:LsdException>
  <w:LsdException Locked=""false"" Priority=""9"" SemiHidden=""true""
   UnhideWhenUsed=""true"" QFormat=""true"" Name=""heading 2""></w:LsdException>
  <w:LsdException Locked=""false"" Priority=""9"" SemiHidden=""true""
   UnhideWhenUsed=""true"" QFormat=""true"" Name=""heading 3""></w:LsdException>
  <w:LsdException Locked=""false"" Priority=""9"" SemiHidden=""true""
   UnhideWhenUsed=""true"" QFormat=""true"" Name=""heading 4""></w:LsdException>
  <w:LsdException Locked=""false"" Priority=""9"" SemiHidden=""true""
   UnhideWhenUsed=""true"" QFormat=""true"" Name=""heading 5""></w:LsdException>
  <w:LsdException Locked=""false"" Priority=""9"" SemiHidden=""true""
   UnhideWhenUsed=""true"" QFormat=""true"" Name=""heading 6""></w:LsdException>
  <w:LsdException Locked=""false"" Priority=""9"" SemiHidden=""true""
   UnhideWhenUsed=""true"" QFormat=""true"" Name=""heading 7""></w:LsdException>
  <w:LsdException Locked=""false"" Priority=""9"" SemiHidden=""true""
   UnhideWhenUsed=""true"" QFormat=""true"" Name=""heading 8""></w:LsdException>
  <w:LsdException Locked=""false"" Priority=""9"" SemiHidden=""true""
   UnhideWhenUsed=""true"" QFormat=""true"" Name=""heading 9""></w:LsdException>
  <w:LsdException Locked=""false"" SemiHidden=""true"" UnhideWhenUsed=""true""
   Name=""index 1""></w:LsdException>
  <w:LsdException Locked=""false"" SemiHidden=""true"" UnhideWhenUsed=""true""
   Name=""index 2""></w:LsdException>
  <w:LsdException Locked=""false"" SemiHidden=""true"" UnhideWhenUsed=""true""
   Name=""index 3""></w:LsdException>
  <w:LsdException Locked=""false"" SemiHidden=""true"" UnhideWhenUsed=""true""
   Name=""index 4""></w:LsdException>
  <w:LsdException Locked=""false"" SemiHidden=""true"" UnhideWhenUsed=""true""
   Name=""index 5""></w:LsdException>
  <w:LsdException Locked=""false"" SemiHidden=""true"" UnhideWhenUsed=""true""
   Name=""index 6""></w:LsdException>
  <w:LsdException Locked=""false"" SemiHidden=""true"" UnhideWhenUsed=""true""
   Name=""index 7""></w:LsdException>
  <w:LsdException Locked=""false"" SemiHidden=""true"" UnhideWhenUsed=""true""
   Name=""index 8""></w:LsdException>
  <w:LsdException Locked=""false"" SemiHidden=""true"" UnhideWhenUsed=""true""
   Name=""index 9""></w:LsdException>
  <w:LsdException Locked=""false"" Priority=""39"" SemiHidden=""true""
   UnhideWhenUsed=""true"" Name=""toc 1""></w:LsdException>
  <w:LsdException Locked=""false"" Priority=""39"" SemiHidden=""true""
   UnhideWhenUsed=""true"" Name=""toc 2""></w:LsdException>
  <w:LsdException Locked=""false"" Priority=""39"" SemiHidden=""true""
   UnhideWhenUsed=""true"" Name=""toc 3""></w:LsdException>
  <w:LsdException Locked=""false"" Priority=""39"" SemiHidden=""true""
   UnhideWhenUsed=""true"" Name=""toc 4""></w:LsdException>
  <w:LsdException Locked=""false"" Priority=""39"" SemiHidden=""true""
   UnhideWhenUsed=""true"" Name=""toc 5""></w:LsdException>
  <w:LsdException Locked=""false"" Priority=""39"" SemiHidden=""true""
   UnhideWhenUsed=""true"" Name=""toc 6""></w:LsdException>
  <w:LsdException Locked=""false"" Priority=""39"" SemiHidden=""true""
   UnhideWhenUsed=""true"" Name=""toc 7""></w:LsdException>
  <w:LsdException Locked=""false"" Priority=""39"" SemiHidden=""true""
   UnhideWhenUsed=""true"" Name=""toc 8""></w:LsdException>
  <w:LsdException Locked=""false"" Priority=""39"" SemiHidden=""true""
   UnhideWhenUsed=""true"" Name=""toc 9""></w:LsdException>
  <w:LsdException Locked=""false"" SemiHidden=""true"" UnhideWhenUsed=""true""
   Name=""Normal Indent""></w:LsdException>
  <w:LsdException Locked=""false"" SemiHidden=""true"" UnhideWhenUsed=""true""
   Name=""footnote text""></w:LsdException>
  <w:LsdException Locked=""false"" SemiHidden=""true"" UnhideWhenUsed=""true""
   Name=""annotation text""></w:LsdException>
  <w:LsdException Locked=""false"" SemiHidden=""true"" UnhideWhenUsed=""true""
   Name=""header""></w:LsdException>
  <w:LsdException Locked=""false"" SemiHidden=""true"" UnhideWhenUsed=""true""
   Name=""footer""></w:LsdException>
  <w:LsdException Locked=""false"" SemiHidden=""true"" UnhideWhenUsed=""true""
   Name=""index heading""></w:LsdException>
  <w:LsdException Locked=""false"" Priority=""35"" SemiHidden=""true""
   UnhideWhenUsed=""true"" QFormat=""true"" Name=""caption""></w:LsdException>
  <w:LsdException Locked=""false"" SemiHidden=""true"" UnhideWhenUsed=""true""
   Name=""table of figures""></w:LsdException>
  <w:LsdException Locked=""false"" SemiHidden=""true"" UnhideWhenUsed=""true""
   Name=""envelope address""></w:LsdException>
  <w:LsdException Locked=""false"" SemiHidden=""true"" UnhideWhenUsed=""true""
   Name=""envelope return""></w:LsdException>
  <w:LsdException Locked=""false"" Priority=""0"" SemiHidden=""true""
   UnhideWhenUsed=""true"" Name=""footnote reference""></w:LsdException>
  <w:LsdException Locked=""false"" SemiHidden=""true"" UnhideWhenUsed=""true""
   Name=""annotation reference""></w:LsdException>
  <w:LsdException Locked=""false"" SemiHidden=""true"" UnhideWhenUsed=""true""
   Name=""line number""></w:LsdException>
  <w:LsdException Locked=""false"" Priority=""0"" SemiHidden=""true""
   UnhideWhenUsed=""true"" Name=""page number""></w:LsdException>
  <w:LsdException Locked=""false"" SemiHidden=""true"" UnhideWhenUsed=""true""
   Name=""endnote reference""></w:LsdException>
  <w:LsdException Locked=""false"" SemiHidden=""true"" UnhideWhenUsed=""true""
   Name=""endnote text""></w:LsdException>
  <w:LsdException Locked=""false"" SemiHidden=""true"" UnhideWhenUsed=""true""
   Name=""table of authorities""></w:LsdException>
  <w:LsdException Locked=""false"" SemiHidden=""true"" UnhideWhenUsed=""true""
   Name=""macro""></w:LsdException>
  <w:LsdException Locked=""false"" SemiHidden=""true"" UnhideWhenUsed=""true""
   Name=""toa heading""></w:LsdException>
  <w:LsdException Locked=""false"" SemiHidden=""true"" UnhideWhenUsed=""true""
   Name=""List""></w:LsdException>
  <w:LsdException Locked=""false"" SemiHidden=""true"" UnhideWhenUsed=""true""
   Name=""List Bullet""></w:LsdException>
  <w:LsdException Locked=""false"" SemiHidden=""true"" UnhideWhenUsed=""true""
   Name=""List Number""></w:LsdException>
  <w:LsdException Locked=""false"" SemiHidden=""true"" UnhideWhenUsed=""true""
   Name=""List 2""></w:LsdException>
  <w:LsdException Locked=""false"" SemiHidden=""true"" UnhideWhenUsed=""true""
   Name=""List 3""></w:LsdException>
  <w:LsdException Locked=""false"" SemiHidden=""true"" UnhideWhenUsed=""true""
   Name=""List 4""></w:LsdException>
  <w:LsdException Locked=""false"" SemiHidden=""true"" UnhideWhenUsed=""true""
   Name=""List 5""></w:LsdException>
  <w:LsdException Locked=""false"" SemiHidden=""true"" UnhideWhenUsed=""true""
   Name=""List Bullet 2""></w:LsdException>
  <w:LsdException Locked=""false"" SemiHidden=""true"" UnhideWhenUsed=""true""
   Name=""List Bullet 3""></w:LsdException>
  <w:LsdException Locked=""false"" SemiHidden=""true"" UnhideWhenUsed=""true""
   Name=""List Bullet 4""></w:LsdException>
  <w:LsdException Locked=""false"" SemiHidden=""true"" UnhideWhenUsed=""true""
   Name=""List Bullet 5""></w:LsdException>
  <w:LsdException Locked=""false"" SemiHidden=""true"" UnhideWhenUsed=""true""
   Name=""List Number 2""></w:LsdException>
  <w:LsdException Locked=""false"" SemiHidden=""true"" UnhideWhenUsed=""true""
   Name=""List Number 3""></w:LsdException>
  <w:LsdException Locked=""false"" SemiHidden=""true"" UnhideWhenUsed=""true""
   Name=""List Number 4""></w:LsdException>
  <w:LsdException Locked=""false"" SemiHidden=""true"" UnhideWhenUsed=""true""
   Name=""List Number 5""></w:LsdException>
  <w:LsdException Locked=""false"" Priority=""10"" QFormat=""true"" Name=""Title""></w:LsdException>
  <w:LsdException Locked=""false"" SemiHidden=""true"" UnhideWhenUsed=""true""
   Name=""Closing""></w:LsdException>
  <w:LsdException Locked=""false"" SemiHidden=""true"" UnhideWhenUsed=""true""
   Name=""Signature""></w:LsdException>
  <w:LsdException Locked=""false"" Priority=""1"" SemiHidden=""true""
   UnhideWhenUsed=""true"" Name=""Default Paragraph Font""></w:LsdException>
  <w:LsdException Locked=""false"" SemiHidden=""true"" UnhideWhenUsed=""true""
   Name=""Body Text""></w:LsdException>
  <w:LsdException Locked=""false"" SemiHidden=""true"" UnhideWhenUsed=""true""
   Name=""Body Text Indent""></w:LsdException>
  <w:LsdException Locked=""false"" SemiHidden=""true"" UnhideWhenUsed=""true""
   Name=""List Continue""></w:LsdException>
  <w:LsdException Locked=""false"" SemiHidden=""true"" UnhideWhenUsed=""true""
   Name=""List Continue 2""></w:LsdException>
  <w:LsdException Locked=""false"" SemiHidden=""true"" UnhideWhenUsed=""true""
   Name=""List Continue 3""></w:LsdException>
  <w:LsdException Locked=""false"" SemiHidden=""true"" UnhideWhenUsed=""true""
   Name=""List Continue 4""></w:LsdException>
  <w:LsdException Locked=""false"" SemiHidden=""true"" UnhideWhenUsed=""true""
   Name=""List Continue 5""></w:LsdException>
  <w:LsdException Locked=""false"" SemiHidden=""true"" UnhideWhenUsed=""true""
   Name=""Message Header""></w:LsdException>
  <w:LsdException Locked=""false"" Priority=""11"" QFormat=""true"" Name=""Subtitle""></w:LsdException>
  <w:LsdException Locked=""false"" SemiHidden=""true"" UnhideWhenUsed=""true""
   Name=""Salutation""></w:LsdException>
  <w:LsdException Locked=""false"" SemiHidden=""true"" UnhideWhenUsed=""true""
   Name=""Date""></w:LsdException>
  <w:LsdException Locked=""false"" SemiHidden=""true"" UnhideWhenUsed=""true""
   Name=""Body Text First Indent""></w:LsdException>
  <w:LsdException Locked=""false"" SemiHidden=""true"" UnhideWhenUsed=""true""
   Name=""Body Text First Indent 2""></w:LsdException>
  <w:LsdException Locked=""false"" SemiHidden=""true"" UnhideWhenUsed=""true""
   Name=""Note Heading""></w:LsdException>
  <w:LsdException Locked=""false"" SemiHidden=""true"" UnhideWhenUsed=""true""
   Name=""Body Text 2""></w:LsdException>
  <w:LsdException Locked=""false"" SemiHidden=""true"" UnhideWhenUsed=""true""
   Name=""Body Text 3""></w:LsdException>
  <w:LsdException Locked=""false"" SemiHidden=""true"" UnhideWhenUsed=""true""
   Name=""Body Text Indent 2""></w:LsdException>
  <w:LsdException Locked=""false"" SemiHidden=""true"" UnhideWhenUsed=""true""
   Name=""Body Text Indent 3""></w:LsdException>
  <w:LsdException Locked=""false"" SemiHidden=""true"" UnhideWhenUsed=""true""
   Name=""Block Text""></w:LsdException>
  <w:LsdException Locked=""false"" SemiHidden=""true"" UnhideWhenUsed=""true""
   Name=""Hyperlink""></w:LsdException>
  <w:LsdException Locked=""false"" SemiHidden=""true"" UnhideWhenUsed=""true""
   Name=""FollowedHyperlink""></w:LsdException>
  <w:LsdException Locked=""false"" Priority=""22"" QFormat=""true"" Name=""Strong""></w:LsdException>
  <w:LsdException Locked=""false"" Priority=""20"" QFormat=""true"" Name=""Emphasis""></w:LsdException>
  <w:LsdException Locked=""false"" SemiHidden=""true"" UnhideWhenUsed=""true""
   Name=""Document Map""></w:LsdException>
  <w:LsdException Locked=""false"" SemiHidden=""true"" UnhideWhenUsed=""true""
   Name=""Plain Text""></w:LsdException>
  <w:LsdException Locked=""false"" SemiHidden=""true"" UnhideWhenUsed=""true""
   Name=""E-mail Signature""></w:LsdException>
  <w:LsdException Locked=""false"" SemiHidden=""true"" UnhideWhenUsed=""true""
   Name=""HTML Top of Form""></w:LsdException>
  <w:LsdException Locked=""false"" SemiHidden=""true"" UnhideWhenUsed=""true""
   Name=""HTML Bottom of Form""></w:LsdException>
  <w:LsdException Locked=""false"" SemiHidden=""true"" UnhideWhenUsed=""true""
   Name=""Normal (Web)""></w:LsdException>
  <w:LsdException Locked=""false"" SemiHidden=""true"" UnhideWhenUsed=""true""
   Name=""HTML Acronym""></w:LsdException>
  <w:LsdException Locked=""false"" SemiHidden=""true"" UnhideWhenUsed=""true""
   Name=""HTML Address""></w:LsdException>
  <w:LsdException Locked=""false"" SemiHidden=""true"" UnhideWhenUsed=""true""
   Name=""HTML Cite""></w:LsdException>
  <w:LsdException Locked=""false"" SemiHidden=""true"" UnhideWhenUsed=""true""
   Name=""HTML Code""></w:LsdException>
  <w:LsdException Locked=""false"" SemiHidden=""true"" UnhideWhenUsed=""true""
   Name=""HTML Definition""></w:LsdException>
  <w:LsdException Locked=""false"" SemiHidden=""true"" UnhideWhenUsed=""true""
   Name=""HTML Keyboard""></w:LsdException>
  <w:LsdException Locked=""false"" SemiHidden=""true"" UnhideWhenUsed=""true""
   Name=""HTML Preformatted""></w:LsdException>
  <w:LsdException Locked=""false"" SemiHidden=""true"" UnhideWhenUsed=""true""
   Name=""HTML Sample""></w:LsdException>
  <w:LsdException Locked=""false"" SemiHidden=""true"" UnhideWhenUsed=""true""
   Name=""HTML Typewriter""></w:LsdException>
  <w:LsdException Locked=""false"" SemiHidden=""true"" UnhideWhenUsed=""true""
   Name=""HTML Variable""></w:LsdException>
  <w:LsdException Locked=""false"" SemiHidden=""true"" UnhideWhenUsed=""true""
   Name=""Normal Table""></w:LsdException>
  <w:LsdException Locked=""false"" SemiHidden=""true"" UnhideWhenUsed=""true""
   Name=""annotation subject""></w:LsdException>
  <w:LsdException Locked=""false"" SemiHidden=""true"" UnhideWhenUsed=""true""
   Name=""No List""></w:LsdException>
  <w:LsdException Locked=""false"" SemiHidden=""true"" UnhideWhenUsed=""true""
   Name=""Outline List 1""></w:LsdException>
  <w:LsdException Locked=""false"" SemiHidden=""true"" UnhideWhenUsed=""true""
   Name=""Outline List 2""></w:LsdException>
  <w:LsdException Locked=""false"" SemiHidden=""true"" UnhideWhenUsed=""true""
   Name=""Outline List 3""></w:LsdException>
  <w:LsdException Locked=""false"" SemiHidden=""true"" UnhideWhenUsed=""true""
   Name=""Table Simple 1""></w:LsdException>
  <w:LsdException Locked=""false"" SemiHidden=""true"" UnhideWhenUsed=""true""
   Name=""Table Simple 2""></w:LsdException>
  <w:LsdException Locked=""false"" SemiHidden=""true"" UnhideWhenUsed=""true""
   Name=""Table Simple 3""></w:LsdException>
  <w:LsdException Locked=""false"" SemiHidden=""true"" UnhideWhenUsed=""true""
   Name=""Table Classic 1""></w:LsdException>
  <w:LsdException Locked=""false"" SemiHidden=""true"" UnhideWhenUsed=""true""
   Name=""Table Classic 2""></w:LsdException>
  <w:LsdException Locked=""false"" SemiHidden=""true"" UnhideWhenUsed=""true""
   Name=""Table Classic 3""></w:LsdException>
  <w:LsdException Locked=""false"" SemiHidden=""true"" UnhideWhenUsed=""true""
   Name=""Table Classic 4""></w:LsdException>
  <w:LsdException Locked=""false"" SemiHidden=""true"" UnhideWhenUsed=""true""
   Name=""Table Colorful 1""></w:LsdException>
  <w:LsdException Locked=""false"" SemiHidden=""true"" UnhideWhenUsed=""true""
   Name=""Table Colorful 2""></w:LsdException>
  <w:LsdException Locked=""false"" SemiHidden=""true"" UnhideWhenUsed=""true""
   Name=""Table Colorful 3""></w:LsdException>
  <w:LsdException Locked=""false"" SemiHidden=""true"" UnhideWhenUsed=""true""
   Name=""Table Columns 1""></w:LsdException>
  <w:LsdException Locked=""false"" SemiHidden=""true"" UnhideWhenUsed=""true""
   Name=""Table Columns 2""></w:LsdException>
  <w:LsdException Locked=""false"" SemiHidden=""true"" UnhideWhenUsed=""true""
   Name=""Table Columns 3""></w:LsdException>
  <w:LsdException Locked=""false"" SemiHidden=""true"" UnhideWhenUsed=""true""
   Name=""Table Columns 4""></w:LsdException>
  <w:LsdException Locked=""false"" SemiHidden=""true"" UnhideWhenUsed=""true""
   Name=""Table Columns 5""></w:LsdException>
  <w:LsdException Locked=""false"" SemiHidden=""true"" UnhideWhenUsed=""true""
   Name=""Table Grid 1""></w:LsdException>
  <w:LsdException Locked=""false"" SemiHidden=""true"" UnhideWhenUsed=""true""
   Name=""Table Grid 2""></w:LsdException>
  <w:LsdException Locked=""false"" SemiHidden=""true"" UnhideWhenUsed=""true""
   Name=""Table Grid 3""></w:LsdException>
  <w:LsdException Locked=""false"" SemiHidden=""true"" UnhideWhenUsed=""true""
   Name=""Table Grid 4""></w:LsdException>
  <w:LsdException Locked=""false"" SemiHidden=""true"" UnhideWhenUsed=""true""
   Name=""Table Grid 5""></w:LsdException>
  <w:LsdException Locked=""false"" SemiHidden=""true"" UnhideWhenUsed=""true""
   Name=""Table Grid 6""></w:LsdException>
  <w:LsdException Locked=""false"" SemiHidden=""true"" UnhideWhenUsed=""true""
   Name=""Table Grid 7""></w:LsdException>
  <w:LsdException Locked=""false"" SemiHidden=""true"" UnhideWhenUsed=""true""
   Name=""Table Grid 8""></w:LsdException>
  <w:LsdException Locked=""false"" SemiHidden=""true"" UnhideWhenUsed=""true""
   Name=""Table List 1""></w:LsdException>
  <w:LsdException Locked=""false"" SemiHidden=""true"" UnhideWhenUsed=""true""
   Name=""Table List 2""></w:LsdException>
  <w:LsdException Locked=""false"" SemiHidden=""true"" UnhideWhenUsed=""true""
   Name=""Table List 3""></w:LsdException>
  <w:LsdException Locked=""false"" SemiHidden=""true"" UnhideWhenUsed=""true""
   Name=""Table List 4""></w:LsdException>
  <w:LsdException Locked=""false"" SemiHidden=""true"" UnhideWhenUsed=""true""
   Name=""Table List 5""></w:LsdException>
  <w:LsdException Locked=""false"" SemiHidden=""true"" UnhideWhenUsed=""true""
   Name=""Table List 6""></w:LsdException>
  <w:LsdException Locked=""false"" SemiHidden=""true"" UnhideWhenUsed=""true""
   Name=""Table List 7""></w:LsdException>
  <w:LsdException Locked=""false"" SemiHidden=""true"" UnhideWhenUsed=""true""
   Name=""Table List 8""></w:LsdException>
  <w:LsdException Locked=""false"" SemiHidden=""true"" UnhideWhenUsed=""true""
   Name=""Table 3D effects 1""></w:LsdException>
  <w:LsdException Locked=""false"" SemiHidden=""true"" UnhideWhenUsed=""true""
   Name=""Table 3D effects 2""></w:LsdException>
  <w:LsdException Locked=""false"" SemiHidden=""true"" UnhideWhenUsed=""true""
   Name=""Table 3D effects 3""></w:LsdException>
  <w:LsdException Locked=""false"" SemiHidden=""true"" UnhideWhenUsed=""true""
   Name=""Table Contemporary""></w:LsdException>
  <w:LsdException Locked=""false"" SemiHidden=""true"" UnhideWhenUsed=""true""
   Name=""Table Elegant""></w:LsdException>
  <w:LsdException Locked=""false"" SemiHidden=""true"" UnhideWhenUsed=""true""
   Name=""Table Professional""></w:LsdException>
  <w:LsdException Locked=""false"" SemiHidden=""true"" UnhideWhenUsed=""true""
   Name=""Table Subtle 1""></w:LsdException>
  <w:LsdException Locked=""false"" SemiHidden=""true"" UnhideWhenUsed=""true""
   Name=""Table Subtle 2""></w:LsdException>
  <w:LsdException Locked=""false"" SemiHidden=""true"" UnhideWhenUsed=""true""
   Name=""Table Web 1""></w:LsdException>
  <w:LsdException Locked=""false"" SemiHidden=""true"" UnhideWhenUsed=""true""
   Name=""Table Web 2""></w:LsdException>
  <w:LsdException Locked=""false"" SemiHidden=""true"" UnhideWhenUsed=""true""
   Name=""Table Web 3""></w:LsdException>
  <w:LsdException Locked=""false"" SemiHidden=""true"" UnhideWhenUsed=""true""
   Name=""Balloon Text""></w:LsdException>
  <w:LsdException Locked=""false"" Priority=""39"" Name=""Table Grid""></w:LsdException>
  <w:LsdException Locked=""false"" SemiHidden=""true"" UnhideWhenUsed=""true""
   Name=""Table Theme""></w:LsdException>
  <w:LsdException Locked=""false"" SemiHidden=""true"" Name=""Placeholder Text""></w:LsdException>
  <w:LsdException Locked=""false"" Priority=""1"" QFormat=""true"" Name=""No Spacing""></w:LsdException>
  <w:LsdException Locked=""false"" Priority=""60"" Name=""Light Shading""></w:LsdException>
  <w:LsdException Locked=""false"" Priority=""61"" Name=""Light List""></w:LsdException>
  <w:LsdException Locked=""false"" Priority=""62"" Name=""Light Grid""></w:LsdException>
  <w:LsdException Locked=""false"" Priority=""63"" Name=""Medium Shading 1""></w:LsdException>
  <w:LsdException Locked=""false"" Priority=""64"" Name=""Medium Shading 2""></w:LsdException>
  <w:LsdException Locked=""false"" Priority=""65"" Name=""Medium List 1""></w:LsdException>
  <w:LsdException Locked=""false"" Priority=""66"" Name=""Medium List 2""></w:LsdException>
  <w:LsdException Locked=""false"" Priority=""67"" Name=""Medium Grid 1""></w:LsdException>
  <w:LsdException Locked=""false"" Priority=""68"" Name=""Medium Grid 2""></w:LsdException>
  <w:LsdException Locked=""false"" Priority=""69"" Name=""Medium Grid 3""></w:LsdException>
  <w:LsdException Locked=""false"" Priority=""70"" Name=""Dark List""></w:LsdException>
  <w:LsdException Locked=""false"" Priority=""71"" Name=""Colorful Shading""></w:LsdException>
  <w:LsdException Locked=""false"" Priority=""72"" Name=""Colorful List""></w:LsdException>
  <w:LsdException Locked=""false"" Priority=""73"" Name=""Colorful Grid""></w:LsdException>
  <w:LsdException Locked=""false"" Priority=""60"" Name=""Light Shading Accent 1""></w:LsdException>
  <w:LsdException Locked=""false"" Priority=""61"" Name=""Light List Accent 1""></w:LsdException>
  <w:LsdException Locked=""false"" Priority=""62"" Name=""Light Grid Accent 1""></w:LsdException>
  <w:LsdException Locked=""false"" Priority=""63"" Name=""Medium Shading 1 Accent 1""></w:LsdException>
  <w:LsdException Locked=""false"" Priority=""64"" Name=""Medium Shading 2 Accent 1""></w:LsdException>
  <w:LsdException Locked=""false"" Priority=""65"" Name=""Medium List 1 Accent 1""></w:LsdException>
  <w:LsdException Locked=""false"" SemiHidden=""true"" Name=""Revision""></w:LsdException>
  <w:LsdException Locked=""false"" Priority=""34"" QFormat=""true""
   Name=""List Paragraph""></w:LsdException>
  <w:LsdException Locked=""false"" Priority=""29"" QFormat=""true"" Name=""Quote""></w:LsdException>
  <w:LsdException Locked=""false"" Priority=""30"" QFormat=""true""
   Name=""Intense Quote""></w:LsdException>
  <w:LsdException Locked=""false"" Priority=""66"" Name=""Medium List 2 Accent 1""></w:LsdException>
  <w:LsdException Locked=""false"" Priority=""67"" Name=""Medium Grid 1 Accent 1""></w:LsdException>
  <w:LsdException Locked=""false"" Priority=""68"" Name=""Medium Grid 2 Accent 1""></w:LsdException>
  <w:LsdException Locked=""false"" Priority=""69"" Name=""Medium Grid 3 Accent 1""></w:LsdException>
  <w:LsdException Locked=""false"" Priority=""70"" Name=""Dark List Accent 1""></w:LsdException>
  <w:LsdException Locked=""false"" Priority=""71"" Name=""Colorful Shading Accent 1""></w:LsdException>
  <w:LsdException Locked=""false"" Priority=""72"" Name=""Colorful List Accent 1""></w:LsdException>
  <w:LsdException Locked=""false"" Priority=""73"" Name=""Colorful Grid Accent 1""></w:LsdException>
  <w:LsdException Locked=""false"" Priority=""60"" Name=""Light Shading Accent 2""></w:LsdException>
  <w:LsdException Locked=""false"" Priority=""61"" Name=""Light List Accent 2""></w:LsdException>
  <w:LsdException Locked=""false"" Priority=""62"" Name=""Light Grid Accent 2""></w:LsdException>
  <w:LsdException Locked=""false"" Priority=""63"" Name=""Medium Shading 1 Accent 2""></w:LsdException>
  <w:LsdException Locked=""false"" Priority=""64"" Name=""Medium Shading 2 Accent 2""></w:LsdException>
  <w:LsdException Locked=""false"" Priority=""65"" Name=""Medium List 1 Accent 2""></w:LsdException>
  <w:LsdException Locked=""false"" Priority=""66"" Name=""Medium List 2 Accent 2""></w:LsdException>
  <w:LsdException Locked=""false"" Priority=""67"" Name=""Medium Grid 1 Accent 2""></w:LsdException>
  <w:LsdException Locked=""false"" Priority=""68"" Name=""Medium Grid 2 Accent 2""></w:LsdException>
  <w:LsdException Locked=""false"" Priority=""69"" Name=""Medium Grid 3 Accent 2""></w:LsdException>
  <w:LsdException Locked=""false"" Priority=""70"" Name=""Dark List Accent 2""></w:LsdException>
  <w:LsdException Locked=""false"" Priority=""71"" Name=""Colorful Shading Accent 2""></w:LsdException>
  <w:LsdException Locked=""false"" Priority=""72"" Name=""Colorful List Accent 2""></w:LsdException>
  <w:LsdException Locked=""false"" Priority=""73"" Name=""Colorful Grid Accent 2""></w:LsdException>
  <w:LsdException Locked=""false"" Priority=""60"" Name=""Light Shading Accent 3""></w:LsdException>
  <w:LsdException Locked=""false"" Priority=""61"" Name=""Light List Accent 3""></w:LsdException>
  <w:LsdException Locked=""false"" Priority=""62"" Name=""Light Grid Accent 3""></w:LsdException>
  <w:LsdException Locked=""false"" Priority=""63"" Name=""Medium Shading 1 Accent 3""></w:LsdException>
  <w:LsdException Locked=""false"" Priority=""64"" Name=""Medium Shading 2 Accent 3""></w:LsdException>
  <w:LsdException Locked=""false"" Priority=""65"" Name=""Medium List 1 Accent 3""></w:LsdException>
  <w:LsdException Locked=""false"" Priority=""66"" Name=""Medium List 2 Accent 3""></w:LsdException>
  <w:LsdException Locked=""false"" Priority=""67"" Name=""Medium Grid 1 Accent 3""></w:LsdException>
  <w:LsdException Locked=""false"" Priority=""68"" Name=""Medium Grid 2 Accent 3""></w:LsdException>
  <w:LsdException Locked=""false"" Priority=""69"" Name=""Medium Grid 3 Accent 3""></w:LsdException>
  <w:LsdException Locked=""false"" Priority=""70"" Name=""Dark List Accent 3""></w:LsdException>
  <w:LsdException Locked=""false"" Priority=""71"" Name=""Colorful Shading Accent 3""></w:LsdException>
  <w:LsdException Locked=""false"" Priority=""72"" Name=""Colorful List Accent 3""></w:LsdException>
  <w:LsdException Locked=""false"" Priority=""73"" Name=""Colorful Grid Accent 3""></w:LsdException>
  <w:LsdException Locked=""false"" Priority=""60"" Name=""Light Shading Accent 4""></w:LsdException>
  <w:LsdException Locked=""false"" Priority=""61"" Name=""Light List Accent 4""></w:LsdException>
  <w:LsdException Locked=""false"" Priority=""62"" Name=""Light Grid Accent 4""></w:LsdException>
  <w:LsdException Locked=""false"" Priority=""63"" Name=""Medium Shading 1 Accent 4""></w:LsdException>
  <w:LsdException Locked=""false"" Priority=""64"" Name=""Medium Shading 2 Accent 4""></w:LsdException>
  <w:LsdException Locked=""false"" Priority=""65"" Name=""Medium List 1 Accent 4""></w:LsdException>
  <w:LsdException Locked=""false"" Priority=""66"" Name=""Medium List 2 Accent 4""></w:LsdException>
  <w:LsdException Locked=""false"" Priority=""67"" Name=""Medium Grid 1 Accent 4""></w:LsdException>
  <w:LsdException Locked=""false"" Priority=""68"" Name=""Medium Grid 2 Accent 4""></w:LsdException>
  <w:LsdException Locked=""false"" Priority=""69"" Name=""Medium Grid 3 Accent 4""></w:LsdException>
  <w:LsdException Locked=""false"" Priority=""70"" Name=""Dark List Accent 4""></w:LsdException>
  <w:LsdException Locked=""false"" Priority=""71"" Name=""Colorful Shading Accent 4""></w:LsdException>
  <w:LsdException Locked=""false"" Priority=""72"" Name=""Colorful List Accent 4""></w:LsdException>
  <w:LsdException Locked=""false"" Priority=""73"" Name=""Colorful Grid Accent 4""></w:LsdException>
  <w:LsdException Locked=""false"" Priority=""60"" Name=""Light Shading Accent 5""></w:LsdException>
  <w:LsdException Locked=""false"" Priority=""61"" Name=""Light List Accent 5""></w:LsdException>
  <w:LsdException Locked=""false"" Priority=""62"" Name=""Light Grid Accent 5""></w:LsdException>
  <w:LsdException Locked=""false"" Priority=""63"" Name=""Medium Shading 1 Accent 5""></w:LsdException>
  <w:LsdException Locked=""false"" Priority=""64"" Name=""Medium Shading 2 Accent 5""></w:LsdException>
  <w:LsdException Locked=""false"" Priority=""65"" Name=""Medium List 1 Accent 5""></w:LsdException>
  <w:LsdException Locked=""false"" Priority=""66"" Name=""Medium List 2 Accent 5""></w:LsdException>
  <w:LsdException Locked=""false"" Priority=""67"" Name=""Medium Grid 1 Accent 5""></w:LsdException>
  <w:LsdException Locked=""false"" Priority=""68"" Name=""Medium Grid 2 Accent 5""></w:LsdException>
  <w:LsdException Locked=""false"" Priority=""69"" Name=""Medium Grid 3 Accent 5""></w:LsdException>
  <w:LsdException Locked=""false"" Priority=""70"" Name=""Dark List Accent 5""></w:LsdException>
  <w:LsdException Locked=""false"" Priority=""71"" Name=""Colorful Shading Accent 5""></w:LsdException>
  <w:LsdException Locked=""false"" Priority=""72"" Name=""Colorful List Accent 5""></w:LsdException>
  <w:LsdException Locked=""false"" Priority=""73"" Name=""Colorful Grid Accent 5""></w:LsdException>
  <w:LsdException Locked=""false"" Priority=""60"" Name=""Light Shading Accent 6""></w:LsdException>
  <w:LsdException Locked=""false"" Priority=""61"" Name=""Light List Accent 6""></w:LsdException>
  <w:LsdException Locked=""false"" Priority=""62"" Name=""Light Grid Accent 6""></w:LsdException>
  <w:LsdException Locked=""false"" Priority=""63"" Name=""Medium Shading 1 Accent 6""></w:LsdException>
  <w:LsdException Locked=""false"" Priority=""64"" Name=""Medium Shading 2 Accent 6""></w:LsdException>
  <w:LsdException Locked=""false"" Priority=""65"" Name=""Medium List 1 Accent 6""></w:LsdException>
  <w:LsdException Locked=""false"" Priority=""66"" Name=""Medium List 2 Accent 6""></w:LsdException>
  <w:LsdException Locked=""false"" Priority=""67"" Name=""Medium Grid 1 Accent 6""></w:LsdException>
  <w:LsdException Locked=""false"" Priority=""68"" Name=""Medium Grid 2 Accent 6""></w:LsdException>
  <w:LsdException Locked=""false"" Priority=""69"" Name=""Medium Grid 3 Accent 6""></w:LsdException>
  <w:LsdException Locked=""false"" Priority=""70"" Name=""Dark List Accent 6""></w:LsdException>
  <w:LsdException Locked=""false"" Priority=""71"" Name=""Colorful Shading Accent 6""></w:LsdException>
  <w:LsdException Locked=""false"" Priority=""72"" Name=""Colorful List Accent 6""></w:LsdException>
  <w:LsdException Locked=""false"" Priority=""73"" Name=""Colorful Grid Accent 6""></w:LsdException>
  <w:LsdException Locked=""false"" Priority=""19"" QFormat=""true""
   Name=""Subtle Emphasis""></w:LsdException>
  <w:LsdException Locked=""false"" Priority=""21"" QFormat=""true""
   Name=""Intense Emphasis""></w:LsdException>
  <w:LsdException Locked=""false"" Priority=""31"" QFormat=""true""
   Name=""Subtle Reference""></w:LsdException>
  <w:LsdException Locked=""false"" Priority=""32"" QFormat=""true""
   Name=""Intense Reference""></w:LsdException>
  <w:LsdException Locked=""false"" Priority=""33"" QFormat=""true"" Name=""Book Title""></w:LsdException>
  <w:LsdException Locked=""false"" Priority=""37"" SemiHidden=""true""
   UnhideWhenUsed=""true"" Name=""Bibliography""></w:LsdException>
  <w:LsdException Locked=""false"" Priority=""39"" SemiHidden=""true""
   UnhideWhenUsed=""true"" QFormat=""true"" Name=""TOC Heading""></w:LsdException>
  <w:LsdException Locked=""false"" Priority=""41"" Name=""Plain Table 1""></w:LsdException>
  <w:LsdException Locked=""false"" Priority=""42"" Name=""Plain Table 2""></w:LsdException>
  <w:LsdException Locked=""false"" Priority=""43"" Name=""Plain Table 3""></w:LsdException>
  <w:LsdException Locked=""false"" Priority=""44"" Name=""Plain Table 4""></w:LsdException>
  <w:LsdException Locked=""false"" Priority=""45"" Name=""Plain Table 5""></w:LsdException>
  <w:LsdException Locked=""false"" Priority=""40"" Name=""Grid Table Light""></w:LsdException>
  <w:LsdException Locked=""false"" Priority=""46"" Name=""Grid Table 1 Light""></w:LsdException>
  <w:LsdException Locked=""false"" Priority=""47"" Name=""Grid Table 2""></w:LsdException>
  <w:LsdException Locked=""false"" Priority=""48"" Name=""Grid Table 3""></w:LsdException>
  <w:LsdException Locked=""false"" Priority=""49"" Name=""Grid Table 4""></w:LsdException>
  <w:LsdException Locked=""false"" Priority=""50"" Name=""Grid Table 5 Dark""></w:LsdException>
  <w:LsdException Locked=""false"" Priority=""51"" Name=""Grid Table 6 Colorful""></w:LsdException>
  <w:LsdException Locked=""false"" Priority=""52"" Name=""Grid Table 7 Colorful""></w:LsdException>
  <w:LsdException Locked=""false"" Priority=""46""
   Name=""Grid Table 1 Light Accent 1""></w:LsdException>
  <w:LsdException Locked=""false"" Priority=""47"" Name=""Grid Table 2 Accent 1""></w:LsdException>
  <w:LsdException Locked=""false"" Priority=""48"" Name=""Grid Table 3 Accent 1""></w:LsdException>
  <w:LsdException Locked=""false"" Priority=""49"" Name=""Grid Table 4 Accent 1""></w:LsdException>
  <w:LsdException Locked=""false"" Priority=""50"" Name=""Grid Table 5 Dark Accent 1""></w:LsdException>
  <w:LsdException Locked=""false"" Priority=""51""
   Name=""Grid Table 6 Colorful Accent 1""></w:LsdException>
  <w:LsdException Locked=""false"" Priority=""52""
   Name=""Grid Table 7 Colorful Accent 1""></w:LsdException>
  <w:LsdException Locked=""false"" Priority=""46""
   Name=""Grid Table 1 Light Accent 2""></w:LsdException>
  <w:LsdException Locked=""false"" Priority=""47"" Name=""Grid Table 2 Accent 2""></w:LsdException>
  <w:LsdException Locked=""false"" Priority=""48"" Name=""Grid Table 3 Accent 2""></w:LsdException>
  <w:LsdException Locked=""false"" Priority=""49"" Name=""Grid Table 4 Accent 2""></w:LsdException>
  <w:LsdException Locked=""false"" Priority=""50"" Name=""Grid Table 5 Dark Accent 2""></w:LsdException>
  <w:LsdException Locked=""false"" Priority=""51""
   Name=""Grid Table 6 Colorful Accent 2""></w:LsdException>
  <w:LsdException Locked=""false"" Priority=""52""
   Name=""Grid Table 7 Colorful Accent 2""></w:LsdException>
  <w:LsdException Locked=""false"" Priority=""46""
   Name=""Grid Table 1 Light Accent 3""></w:LsdException>
  <w:LsdException Locked=""false"" Priority=""47"" Name=""Grid Table 2 Accent 3""></w:LsdException>
  <w:LsdException Locked=""false"" Priority=""48"" Name=""Grid Table 3 Accent 3""></w:LsdException>
  <w:LsdException Locked=""false"" Priority=""49"" Name=""Grid Table 4 Accent 3""></w:LsdException>
  <w:LsdException Locked=""false"" Priority=""50"" Name=""Grid Table 5 Dark Accent 3""></w:LsdException>
  <w:LsdException Locked=""false"" Priority=""51""
   Name=""Grid Table 6 Colorful Accent 3""></w:LsdException>
  <w:LsdException Locked=""false"" Priority=""52""
   Name=""Grid Table 7 Colorful Accent 3""></w:LsdException>
  <w:LsdException Locked=""false"" Priority=""46""
   Name=""Grid Table 1 Light Accent 4""></w:LsdException>
  <w:LsdException Locked=""false"" Priority=""47"" Name=""Grid Table 2 Accent 4""></w:LsdException>
  <w:LsdException Locked=""false"" Priority=""48"" Name=""Grid Table 3 Accent 4""></w:LsdException>
  <w:LsdException Locked=""false"" Priority=""49"" Name=""Grid Table 4 Accent 4""></w:LsdException>
  <w:LsdException Locked=""false"" Priority=""50"" Name=""Grid Table 5 Dark Accent 4""></w:LsdException>
  <w:LsdException Locked=""false"" Priority=""51""
   Name=""Grid Table 6 Colorful Accent 4""></w:LsdException>
  <w:LsdException Locked=""false"" Priority=""52""
   Name=""Grid Table 7 Colorful Accent 4""></w:LsdException>
  <w:LsdException Locked=""false"" Priority=""46""
   Name=""Grid Table 1 Light Accent 5""></w:LsdException>
  <w:LsdException Locked=""false"" Priority=""47"" Name=""Grid Table 2 Accent 5""></w:LsdException>
  <w:LsdException Locked=""false"" Priority=""48"" Name=""Grid Table 3 Accent 5""></w:LsdException>
  <w:LsdException Locked=""false"" Priority=""49"" Name=""Grid Table 4 Accent 5""></w:LsdException>
  <w:LsdException Locked=""false"" Priority=""50"" Name=""Grid Table 5 Dark Accent 5""></w:LsdException>
  <w:LsdException Locked=""false"" Priority=""51""
   Name=""Grid Table 6 Colorful Accent 5""></w:LsdException>
  <w:LsdException Locked=""false"" Priority=""52""
   Name=""Grid Table 7 Colorful Accent 5""></w:LsdException>
  <w:LsdException Locked=""false"" Priority=""46""
   Name=""Grid Table 1 Light Accent 6""></w:LsdException>
  <w:LsdException Locked=""false"" Priority=""47"" Name=""Grid Table 2 Accent 6""></w:LsdException>
  <w:LsdException Locked=""false"" Priority=""48"" Name=""Grid Table 3 Accent 6""></w:LsdException>
  <w:LsdException Locked=""false"" Priority=""49"" Name=""Grid Table 4 Accent 6""></w:LsdException>
  <w:LsdException Locked=""false"" Priority=""50"" Name=""Grid Table 5 Dark Accent 6""></w:LsdException>
  <w:LsdException Locked=""false"" Priority=""51""
   Name=""Grid Table 6 Colorful Accent 6""></w:LsdException>
  <w:LsdException Locked=""false"" Priority=""52""
   Name=""Grid Table 7 Colorful Accent 6""></w:LsdException>
  <w:LsdException Locked=""false"" Priority=""46"" Name=""List Table 1 Light""></w:LsdException>
  <w:LsdException Locked=""false"" Priority=""47"" Name=""List Table 2""></w:LsdException>
  <w:LsdException Locked=""false"" Priority=""48"" Name=""List Table 3""></w:LsdException>
  <w:LsdException Locked=""false"" Priority=""49"" Name=""List Table 4""></w:LsdException>
  <w:LsdException Locked=""false"" Priority=""50"" Name=""List Table 5 Dark""></w:LsdException>
  <w:LsdException Locked=""false"" Priority=""51"" Name=""List Table 6 Colorful""></w:LsdException>
  <w:LsdException Locked=""false"" Priority=""52"" Name=""List Table 7 Colorful""></w:LsdException>
  <w:LsdException Locked=""false"" Priority=""46""
   Name=""List Table 1 Light Accent 1""></w:LsdException>
  <w:LsdException Locked=""false"" Priority=""47"" Name=""List Table 2 Accent 1""></w:LsdException>
  <w:LsdException Locked=""false"" Priority=""48"" Name=""List Table 3 Accent 1""></w:LsdException>
  <w:LsdException Locked=""false"" Priority=""49"" Name=""List Table 4 Accent 1""></w:LsdException>
  <w:LsdException Locked=""false"" Priority=""50"" Name=""List Table 5 Dark Accent 1""></w:LsdException>
  <w:LsdException Locked=""false"" Priority=""51""
   Name=""List Table 6 Colorful Accent 1""></w:LsdException>
  <w:LsdException Locked=""false"" Priority=""52""
   Name=""List Table 7 Colorful Accent 1""></w:LsdException>
  <w:LsdException Locked=""false"" Priority=""46""
   Name=""List Table 1 Light Accent 2""></w:LsdException>
  <w:LsdException Locked=""false"" Priority=""47"" Name=""List Table 2 Accent 2""></w:LsdException>
  <w:LsdException Locked=""false"" Priority=""48"" Name=""List Table 3 Accent 2""></w:LsdException>
  <w:LsdException Locked=""false"" Priority=""49"" Name=""List Table 4 Accent 2""></w:LsdException>
  <w:LsdException Locked=""false"" Priority=""50"" Name=""List Table 5 Dark Accent 2""></w:LsdException>
  <w:LsdException Locked=""false"" Priority=""51""
   Name=""List Table 6 Colorful Accent 2""></w:LsdException>
  <w:LsdException Locked=""false"" Priority=""52""
   Name=""List Table 7 Colorful Accent 2""></w:LsdException>
  <w:LsdException Locked=""false"" Priority=""46""
   Name=""List Table 1 Light Accent 3""></w:LsdException>
  <w:LsdException Locked=""false"" Priority=""47"" Name=""List Table 2 Accent 3""></w:LsdException>
  <w:LsdException Locked=""false"" Priority=""48"" Name=""List Table 3 Accent 3""></w:LsdException>
  <w:LsdException Locked=""false"" Priority=""49"" Name=""List Table 4 Accent 3""></w:LsdException>
  <w:LsdException Locked=""false"" Priority=""50"" Name=""List Table 5 Dark Accent 3""></w:LsdException>
  <w:LsdException Locked=""false"" Priority=""51""
   Name=""List Table 6 Colorful Accent 3""></w:LsdException>
  <w:LsdException Locked=""false"" Priority=""52""
   Name=""List Table 7 Colorful Accent 3""></w:LsdException>
  <w:LsdException Locked=""false"" Priority=""46""
   Name=""List Table 1 Light Accent 4""></w:LsdException>
  <w:LsdException Locked=""false"" Priority=""47"" Name=""List Table 2 Accent 4""></w:LsdException>
  <w:LsdException Locked=""false"" Priority=""48"" Name=""List Table 3 Accent 4""></w:LsdException>
  <w:LsdException Locked=""false"" Priority=""49"" Name=""List Table 4 Accent 4""></w:LsdException>
  <w:LsdException Locked=""false"" Priority=""50"" Name=""List Table 5 Dark Accent 4""></w:LsdException>
  <w:LsdException Locked=""false"" Priority=""51""
   Name=""List Table 6 Colorful Accent 4""></w:LsdException>
  <w:LsdException Locked=""false"" Priority=""52""
   Name=""List Table 7 Colorful Accent 4""></w:LsdException>
  <w:LsdException Locked=""false"" Priority=""46""
   Name=""List Table 1 Light Accent 5""></w:LsdException>
  <w:LsdException Locked=""false"" Priority=""47"" Name=""List Table 2 Accent 5""></w:LsdException>
  <w:LsdException Locked=""false"" Priority=""48"" Name=""List Table 3 Accent 5""></w:LsdException>
  <w:LsdException Locked=""false"" Priority=""49"" Name=""List Table 4 Accent 5""></w:LsdException>
  <w:LsdException Locked=""false"" Priority=""50"" Name=""List Table 5 Dark Accent 5""></w:LsdException>
  <w:LsdException Locked=""false"" Priority=""51""
   Name=""List Table 6 Colorful Accent 5""></w:LsdException>
  <w:LsdException Locked=""false"" Priority=""52""
   Name=""List Table 7 Colorful Accent 5""></w:LsdException>
  <w:LsdException Locked=""false"" Priority=""46""
   Name=""List Table 1 Light Accent 6""></w:LsdException>
  <w:LsdException Locked=""false"" Priority=""47"" Name=""List Table 2 Accent 6""></w:LsdException>
  <w:LsdException Locked=""false"" Priority=""48"" Name=""List Table 3 Accent 6""></w:LsdException>
  <w:LsdException Locked=""false"" Priority=""49"" Name=""List Table 4 Accent 6""></w:LsdException>
  <w:LsdException Locked=""false"" Priority=""50"" Name=""List Table 5 Dark Accent 6""></w:LsdException>
  <w:LsdException Locked=""false"" Priority=""51""
   Name=""List Table 6 Colorful Accent 6""></w:LsdException>
  <w:LsdException Locked=""false"" Priority=""52""
   Name=""List Table 7 Colorful Accent 6""></w:LsdException>
 </w:LatentStyles>
</xml><![endif]--><!--[if gte mso 10]>
<style>
 /* Style Definitions */
 table.MsoNormalTable
	{mso-style-name:""Normal Tablo"";
	mso-tstyle-rowband-size:0;
	mso-tstyle-colband-size:0;
	mso-style-noshow:yes;
	mso-style-priority:99;
	mso-style-parent:"""";
	mso-padding-alt:0cm 5.4pt 0cm 5.4pt;
	mso-para-margin-top:0cm;
	mso-para-margin-right:0cm;
	mso-para-margin-bottom:10.0pt;
	mso-para-margin-left:0cm;
	line-height:115%;
	mso-pagination:widow-orphan;
	font-size:11.0pt;
	font-family:""Calibri"",sans-serif;
	mso-ascii-font-family:Calibri;
	mso-ascii-theme-font:minor-latin;
	mso-hansi-font-family:Calibri;
	mso-hansi-theme-font:minor-latin;
	mso-fareast-language:EN-US;}
</style>
<![endif]-->

<span style=""font-size:12.0pt;
line-height:150%;font-family:&quot;Times New Roman&quot;,serif;mso-ascii-theme-font:major-bidi;
mso-hansi-theme-font:major-bidi;mso-bidi-theme-font:major-bidi"">Hicri V. Asır,
Debûsî, Serahsî ve Pezdevî gibi önemli usûl âlimlerinin yaşadığı bir dönem
olarak Hanefî fıkıh doktrininin klasik şekil ve muhtevasını kazanmasına sahne
olmuştur. Hanefî mezhebinde Serahsî ve Pezdevî ile birlikte klasik usûl
geleneği teşekkül dönemini tamamlamıştır. Bu çalışmada Hicri VIII. Asır Hanefî fıkıh
usûlcülerinden Sadrüşşerîa’nın bazı hadis meselelerine yaklaşımı
irdelenecektir. Sadrüşşerîa’nın <i>Tenkîhu’l-usûl</i> adlı eseri ve bu eserine
yazdığı <i>et-Tavzîh fî halli ğavâmizi’t-Tenkîh </i>isimli şerh çalışması
çerçevesinde konu ele alınacaktır. Sadrüşşerîa, <i>Tenkîhu’l-usûl</i> adlı
eserinde Pezdevî’nin <i>Usûl</i>’ü, Râzî’nin <i>el-Mahsûl’</i>ü ile
İbnü’l-Hâcib’in <i>el-Muhtasar’</i>ındaki konuların özetini vermiş ve bir
bakıma Hanefî ve Mütekellimûn metotlarını mezcetmiştir. Müellif daha sonra bu
eserini <i>et-Tavzîh fî halli ğavâmizi’t-Tenkîh </i>adıyla şerh ederek birçok
konuda kendi görüşlerini ortaya koymuştur. Kendisinden sonraki usûl düşüncesini
derinden etkileyen bu çalışma medreselerin temel kitapları arasında yer almış,
üzerine birçok şerh, hâşiye ve ta‘lik yazılmıştır. Bu eserinin sünnet bölümü
çerçevesinde Sadrüşşerîa’nın, sünnet ve haber gibi bazı hadis usûlü konularına
yaklaşımının tespiti yapılacak, yaklaşımı değerlendirilmeye çalışılacaktır.</span></p>",,,,"Araştırma Makalesi",2017-11-15,2017-12-12,,
338043,"Hanefî Mezhebinde Delil-Hüküm İlişkisi Bağlamında Tenzîhen-Tahrîmen Mekruh Ayrımı",10.33420/marife.338043,"Selma Çakmak (YALOVA ÜNİVERSİTESİ)","Selma Çakmak | YALOVA ÜNİVERSİTESİ | YALOVA ÜNİVERSİTESİ",,,"Hanefî mezhebi,Teklîfî hüküm,Kat‘î-zannî delil,Mekruh,Tenzîhen-tahrîmen mekruh","Marife Dini Araştırmalar Dergisi",,2630-5550,"Yediveren Kitap",2018,18,1,101-121,"Teklîfî hüküm kapsamında değerlendirilen mekruh kavramının çerçevesi ve diğer teklîfî hükümlerle bağlantısının incelenmesi, kavramın; gelişim sürecinde farklı anlamlara delâlet edecek şekilde kullanılması, özellikle haram kavramı ile yakın ilişkisi bulunması sebebiyle önem arz etmektedir. İlk dönem fıkıh eserlerinde haramı ya da haram oluşu şüpheli olan şeyleri aynı zamanda bir şeyin yapılmasının hoş görülmediğini ifade etmek üzere kullanılan mekruh kavramı, hüküm anlayışının sistemleşmesi ile birlikte teklîfî hükümler kapsamında değerlendirilerek cumhûr fukahânın benimsediği görüşe göre yapılmasında sevap terk edilmesinde ise günah olmayan hüküm şeklinde tanımlanmıştır. Hanefî mezhebinde ise bu genel görüşten farklı olarak mezhep içerisindeki farz-vacip ayrımı ile örtüşecek biçimde kavram, tenzîhen-tahrîmen mekruh şeklinde tasnîf edilmiştir. Bu nedenle mekruh kavramının Hanefî mezhebi sistematiği içerisinde incelenmesi gerekli görülmüştür. Her ne kadar bu ayrım belirgin olarak müteahhîrûn dönemi usûl ve furu‘ eserlerinde yer almakta ise de ayrımın,mezhebin erken döneminden itibaren var olduğu ve delil-hüküm ilişkisine bağlı olarak Hanefî mezhebinin şer‘î delil ve delillerin kesinliği yaklaşımı ile alâkalı olduğu tespit edilmiştir. Zira Hanefî mezhebinin teklîfî hükümleri tasnîfinde de hükmün dayanağı olan delilin sübût ve delâlet yönünden zannî ya da kat‘î oluşu dikkate alınmaktadır. Bununla beraber kat‘î-zannî delil çerçevesinde ele alınan tenzîhen-tahrîmen mekruh ayrımında kat‘î ve zannî olanın ayrıştırılması, verilen hükmün doğru anlaşılması açısından önemli bir husustur. Bu nedenle tenzîhen-tahrîmen mekruh ayrımı değerlendirilirken hükmün dayanağı olan delilin sübût ve delâlet yönünden ele alınması ve aynı zamanda fıkıh usûlü literatüründeki verilerle yetinilmeyip Hanefî fıkıh literatüründehükmün bağlantılı olduğu mesele ile ilgili açıklama ve gerekçelerin de göz önünde bulundurulması gerekmektedir.",,"Din Araştırmaları",tr,"Araştırma Makalesi",2017-09-13,2018-05-31,,
465909,"Hicrî Beşinci Asra Kadar Kuzey Afrika’da Hanefîlik",10.14395/hititilahiyat.465909,"Bekir Karadağ (MUS ALPARSLAN UNIVERSITY)","Bekir Karadağ | ORCID: 0000-0003-4317-1478 | MUS ALPARSLAN UNIVERSITY | MUS ALPARSLAN UNIVERSITY",,,"Hanefî Mezhebi,Kuzey Afrika,Mâlikî Mezhebi,Mihne,Fıkıh Tarihi","Hitit Üniversitesi İlahiyat Fakültesi Dergisi",2651-3978,2636-8110,"Hitit Üniversitesi",2019,18,35,75-100,"<div style=""text-align:justify;"">Bu çalışmada Hanefî mezhebinin hicrî beşinci asra kadar Kuzey Afrika’daki durumu ele alınmaktadır. Bu bağlamda Hanefî mezhebinin bölgede nasıl yayıldığı, önemli Hanefî fakihleri ve bölgede nasıl son bulduğu hakkında bilgi verilmiştir. Birçoğu kadılık ve yöneticilik yapmış önemli fakihlerin müntesip olduğu Hanefilik Kuzey Afrika’da öğrenci faaliyetleri ve devlet desteğiyle yayılmıştır. Hicri beşinci asra kadar bölgede varlığını devam ettiren Hanefilik siyasi tercihler, mihne olayı ve Mâlikî fakihlerin aleyhte çalışmaları gibi birçok etkenden dolayı sona ermiştir. Bu çalışma, Hanefî mezhebinin farklı bir bölge olan Kuzey Afrika’daki durumunu incelemesi nedeniyle fıkıh tarihi açısından önem arz etmektedir.</div>",,,tr,"Araştırma Makalesi",2018-09-30,2019-01-16,,
930090,"Hanefî Mezhebinde Nehyin Hükme Delâleti Hususunda Farklı Değerlendirme Örnekleri",,"Muhammed Hüsnü Çiftçi (İLAHİYAT FAKULTESİ)","Muhammed Hüsnü Çiftçi | ORCID: 0000-0001-7877-2113 | İLAHİYAT FAKULTESİ | İLAHİYAT FAKULTESİ",,,"İslam Hukuku,Nehiy,Delâlet,Tahrimen Mekruh,Tenzihen Mekruh","İhya Uluslararası İslam Araştırmaları Dergisi",,2149-2344,"Mehmet Ayhan",2021,7,2,910-931,"Sözlükte “bir işin yapılmamasını istemek, menetmek, yasaklamak” manasına gelen nehiy (“en-nehy”), fıkıh usulü terimi olarak, bağlayıcı biçimde fiilden el çekme, fiili terk etme talebi içeren has lafzı belirtmek üzere kullanılır. Bu yöndeki talep değişik şekillerde ifade edilebilmekte olup cumhura göre karinelerden soyutlanmış nehiy tahrîme (haram kılmaya) delâlet eder. Hanefî mezhebinde ise haramlığa hükmetmek için bu talebin kat’î olması gerekir; talebin zannî delille sabit olması durumunda fiilin tahrîmen mekruh olduğuna hükmedilir. Bununla birlikte birçok meselede, konuya ilişkin muhtelif delil ve karinelerin bulunması sebebiyle mezhep içinde farklı değerlendirmeler yapılabilmiştir. Bu çalışmada, “nehiy”, “haram” ve “mekruh” terimlerinin usûl-i fıkıh ilminde yer alan kavramsal tartışmalarından çok, Hanefî mezhebinde bu kapsamdaki bazı fürû-ı fıkıh meseleleri hakkında zaman içinde yapılan farklı değerlendirmeler müşahhas örnekler üzerinden incelenecektir. Özellikle Hanefî mezhebi imamlarının sözlerinde yer alan nehiy ifadelerinin zaman içinde farklı algılandığı; bir kısmı tarafından tenzihen veya tahrimen mekruh bazılarınca da haram olarak telakki edildiği tespit edilmiştir. Bu sebeple mezhep içindeki bazı fakihlerin zaman zaman cumhurun görüşüne meylettikleri görülmüştür. Bu bağlamda mezhep içindeki farklı düşüncelerin arka planındaki asıl sâikin ne olduğu konusu incelenmeye çalışılmıştır.",,,tr,"Araştırma Makalesi",2021-04-29,2021-06-28,,
1777819,"FİLİSTİNLİ ŞEMSEDDİN TİMURTÂŞÎ’NİN VE HAYREDDİN REMLÎ’NİN ESERLERİNDE 16. ASIR OSMANLI FİLİSTİN’İ",10.55805/kadimsbd.1777819,"Aynur Yalçinkaya","Aynur Yalçinkaya | ORCID: 0000-0002-6260-3283",,,"Şemseddin Timurtâşî,Hayreddin Remlî,Osmanlı,Fetva,Hukuk,Filistin","Kadim Akademi SBD",2564-7229,2630-5941,"Kadim Akademi Derneği",2025,9,2,133-151,"Filistin kutsiyetinden dolayı her dönemde âlimlerin teveccüh ettiği alanlardan olmuştur. 16. asırda Gazze’de dünyaya gelmiş olan Şemseddin Timurtâşî (1532-1596) ve Remle’de doğup büyümüş olan Hayreddin Remlî (1585-1671) bu âlimlerdendir.  Şemseddin Timurtâşî aslen Harizm’in Timurtaş köyündendir. En meşhur eseri olan Tenvîru’l-ebsâr ve câmiu’l-bihâr, Hanefî fürû fıkıh kitabıdır. Timurtâşî’nin ün kazandığı alan fıkıh olsa da pek çok ilimde eserler yazmıştır. Kendi yaşadığı dönem hakkında da yazıları vardır. Özellikle Risâle fi’n-Nükûd isimli eserinde Osmanlı’da 16. asır sonunda paranın değer kaybetmesini anlatmıştır. 16. asırda Filistin’de yaşamış olan bir diğer âlim Hayreddin er-Remlîdir. Remle şehrinde doğup büyümüştür. Başta Hanefî fıkhı olmak üzere çeşitli ilim dallarında eserleri okuyup icazet almıştır. En meşhur eseri, bir fetva mecmuası olan el-Fetâva’l-Hayriyye fî nefi’l-beriyye dışında, Hanefî fıkıh kitaplarına yazdığı haşiyeler ve müstakil risâleleri bulunmaktadır.  Bu makalede 16. asırda yaşamış olan Remlî ve Timurtâşî’nin yaşadıkları dönem ile alakalı fetvaları ile Osmanlı Devleti Arşiv Belgelerinden 16. asır dönemine ait belgeler kıyaslanacaktır. Böylece 16. asır Osmanlı Filistin’i hakkındaki sosyal ve ekonomik durum ve gelişmeler bizzat o dönemde yaşamış âlimlerin aktarımları ile anlatılmaya çalışılacaktır.",,"Osmanlı Arkeolojisi; Yerleşim Arkeolojisi",tr,"Araştırma Makalesi",2025-09-06,2025-12-02,,
1488662,"Müctehid Tabakalarında Serahsî’nin Konumu, Fıkıh Faaliyeti ve Mezhep Birikimine Katkısı",10.51702/esoguifd.1488662,"Bünyamin Korucu (PAMUKKALE ÜNİVERSİTESİ, İLAHİYAT FAKÜLTESİ, İLAHİYAT PR.)","Bünyamin Korucu | ORCID: 0000-0001-8788-6171 | PAMUKKALE ÜNİVERSİTESİ, İLAHİYAT FAKÜLTESİ, İLAHİYAT PR. | PAMUKKALE UNIVERSITY, FACULTY OF THEOLOGY, THEOLOGY PR.",,,"İslam Hukuku,Hanefî Mezhebi,Serahsî,Tabakāt,Fıkhî Faaliyet Türleri","Eskişehir Osmangazi Üniversitesi İlahiyat Fakültesi Dergisi",2147-8171,2980-1109,"Eskişehir Osmangazi Üniversitesi",2024,11,2,797-820,"Hicri ikinci asrın ilk evrelerine kadar fakihler fıkıh düşüncesinin birincil kaynakları olarak Kur'an ve Sünnet'in sağladığı verileri kullanarak karşılaştıkları problemlere çözüm bulabilmişlerdir. Ancak her meslek ve sanatın doğal seyrinde ortaya çıkan uzmanlaşma olgusu fıkıh tarihinde de tezahür etmiş, sonraki asırlarda birincil kaynaklarla doğrudan muhatap olma ve onlar üzerinden fıkhî bilgi üretme faaliyeti üst düzey bilgi ve donanım gerektiren bir uzmanlık haline gelmiştir. Hicri ikinci asırla birlikte bu tür bir uzmanlığa sahip olmanın çok ayrıcalıklı ve külfetli bir iş olduğu fark edilmiş ve böylesi üst düzey bir yetkinliğin değeri hakkında Müslüman toplumlarda bir bilinç ve kanaat hâsıl olmuştur. Dinin asli kaynaklarıyla irtibatın sağlanması ve sürdürülmesi adına mutlak ictihâd yetisine sahip fakihlerce yürütülen fıkhî bilgi üretme çabaları ve onlar tarafından ortaya konan bilgi ürünleri ilim çevrelerinde büyük bir talep ve itibar görmüştür. Bu düzeydeki faaliyetlere büyük önem atfedilmiş, bu tür çalışmalar Müslüman toplumlarda büyük bir ilgi ve saygıya mazhar olmuştur. Mutlak ictihâd ehli fakihlere gösterilen bu ilgi onların zamanla birer cazibe merkezi haline gelmesine neden olmuş ve bu süreç mutlak müctehid fakihlerin mezhep imamlarına dönüşmesiyle sonuçlanmış, bu aşamadan sonraki fıkhî faaliyetler belli bir mezhep imamının fıkıh paradigmasına (imamın usûlü) bağlı kalınarak yürütülmeye başlanmıştır. Hicri beşinci asırdan sonra belli mezheplere bağlı fıkıh faaliyetinin türlerinin tespit etmek, bu faaliyetleri tanımlamak ve hiyerarşik düzeylerini tayin etmek amacıyla “müctehid tabakaları” olarak adlandırılan tasnifler yapılmıştır.  Bu çalışma hicri beşinci asır Hanefî fakihlerden Serahsî’nin (ö. 483/1090[?]) müctehid tabakalarındaki konumunu, mezhep bünyesinde icra ettiği fıkhî faaliyet türlerini ve bu faaliyetlerin hususiyetlerini tespite odaklanmaktadır. Makalede Serahsî’nin müctehid tabakalarındaki konumu Hanefî fakihler tarafından yapılan tabakat tasnifleri üzerinden incelenmiş ve diğer mezheplerde yapılan tasniflerde bu konumun mukabili tayin edilmeye çalışılmıştır. Serahsî’nin fıkıh faaliyetinin hususiyetleri ise onun meşhur eseri el-Mebsût dikkate alınarak incelenmiş ve elde edilen veriler üzerinden onun Hanefî mezhep birikimine sunduğu katkılara ilişkin birtakım tespitlerde bulunulmuştur. Çalışmada elde edilen sonuçlara göre Serahsî, fıkıh mezheplerinin teşekkül ederek istikrar kazandığı ve fıkıh çalışmalarının belli mezhepler bünyesinde, belli bir imamın usulüne bağlı kalınarak yürütüldüğü bir dönemde yaşamış ve fıkıh araştırmalarını böyle bir ortamda gerçekleştirmiştir. Hanefî fakîhlerin fıkhî faaliyet türleri ve düzeylerine ilişkin tasniflerde Serahsî için belirlenen konum dikkate alındığında onun icra ettiği fıkıh çalışmalarının “mezhep içi fıkıh faaliyeti” olarak nitelenebileceği anlaşılmaktadır. İlgili tasniflerde Serahsî “meselede müctehid” olarak nitelenmiştir. Bununla birlikte Serahsî’ye ait fıkıh çalışmalarının farklı düzeylerde birden çok fıkhî faaliyet türünü kapsadığını ve bu faaliyetlerin “tahrîc” ve “tercîh” olmak üzere iki başlıkta ele alınabileceğini söylemek mümkündür. Onun tahrîc faaliyeti, mezhep imamlarına ait asıllardan yeni meseleler türetmek ve mevcut fıkhî mesâil üzerinden yeni asıllar tespit etmek şeklinde tezahür etmiştir. Serahsî'nin tercîh faaliyetleri ise daha ziyade mezhep imamlarından gelen rivayet ve görüşleri tespit, ta’lîl ve tashih etmek amacıyla yürütülen tevcîh türü faaliyetlerdir. Serahsî'nin tahrîc ve tercîh faaliyetlerinin temel hedefi, mezhep imamlarından gelen rivayet ve görüşleri sonraki nesil fakihlerin fıkıh faaliyetlerinde kullanmaya elverişli hale getirmek, bu amaçla söz konusu rivayet ve görüşlerin daha tutarlı ve sistematik bir şekilde sunulmasını sağlamak; mezhep imamlarından tevarüs edilen mesâili onların usûlü uyarınca daha spesifik problemlere dönüştürmek ve bunlara ilişkin kavramların anlam çerçevelerini netleştirmek olarak tespit edilebilir. Onun çalışmaları sayesinde Hanefî fıkıh mesâili büyük ölçüde tekâmüle ermiş, sonraki dönemde fukahâ tarafından yürütülecek mezhep içi fıkıh faaliyetleri için gerekli çerçeve Serahsî tarafından belirlenmiştir.",,"İslam Hukuku",tr,"Araştırma Makalesi",2024-05-23,2024-07-06,,
1227875,"Menâru’l-Envâr’ın Muhtasarlarından Gusûnü’l-Usûl Çevirisi",,,,"Hüseyin Baysa","Hüseyin Baysa","usûl,Hızır b. Mehmed Amâsî,Muhtasar,Menâru’l-envâr,Fıkıh Usûlü.","İslam Hukuku Araştırmaları Dergisi",1304-1045,2791-9730,"Gençleri Evlendirme ve Mehir Vakfı",2017,,29,539-563,"Gusûnü’l-usûl, Hanefî fıkıh usulünün önde gelen eserlerinden biri olan Ebü’l-
Berekât en-Nesefî’nin (ö. 710/1310) Menâru’l-envâr adlı muhtasarından ihtisar edilmiştir.
Bu çalışmada yer yer İbn Melek’in (ö. 821/1418) el-Menâr üzerine yazdığı şerhten de
alıntılar yapılmıştır. Ancak Menâr’ı diğer eserlerden farklı kılan sistematiği burada olduğu
gibi muhafaza edilmiştir. Gusûnü’l-usûl, Osmanlı dönemi medrese müfredatında bulunan
metin ezberleme dersinde materyal olarak kullanılmak üzere hazırlanmış bir çalışmadır.
Bu yönü itibariyle muhtasar, medrese tedrisatında yapılan metin ezberlemeleri hakkında
kanaat edinmede katkı sağlayabilecek özelliğe sahiptir. Ayrıca Hanefî mezhebinin
sistematik fıkıh usulü eserlerinden birinin muhtasarı olması açısından da önem arz
etmektedir",,"Din, Toplum ve Kültür Araştırmaları ",tr,Çeviri,2016-11-01,,,
1751020,"Usulden Fürûa Hanefî Mezhebinde Muhkem ve Müteşâbih Kavramlarının Anlamsal Dönüşümü: Debûsî’nin Etkisi ve Katkısı Bağlamında Bir İnceleme",10.14395/hid.1751020,"Ramazan Çöklü (ÇANAKKALE ONSEKİZ MART ÜNİVERSİTESİ, İLAHİYAT FAKÜLTESİ)","Ramazan Çöklü | ORCID: 0000-0002-3639-1600 | ÇANAKKALE ONSEKİZ MART ÜNİVERSİTESİ, İLAHİYAT FAKÜLTESİ | ÇANAKKALE ONSEKİZ MART ÜNİVERSİTESİ, İLAHİYAT FAKÜLTESİ",,,"Fıkıh,Hanefî Mezhebi,Fıkıh Usulü,Muhkem,Müteşâbih,Debûsî","Hitit İlahiyat Dergisi",,2757-6949,"Hitit Üniversitesi",2025,24,2,955-973,"Hanefî usulcülerden Debûsî, fıkıh usulü ilmine getirdiği yenilikler dolayısıyla Hanefî usul düşüncesinin kendisinden sonraki mihenk taşlarından biri olmuştur. Lafız taksimi, hüküm bahisleri, beyân ve kıyas teorisi gibi birçok konuyu biçim ve içerik açısından yeniden kurgulamış ve pek çok fıkıh usulü kavramını anlamsal olarak geliştirmiştir. Muhkem ve müteşâbih konusu, sözü edilen değişim ve gelişimin bariz şekilde görüldüğü meselelerden biridir. Araştırmada Debûsî’nin tarihsel süreçte muhkem ve müteşâbih kavramlarının anlamsal dönüşümüne etkisi ve bunun fıkhî meselelere yansımaları incelenmiştir. Gerek muhkem ve müteşâbih konusuyla ilgili gerekse Debûsî’nin usulcülüğüne yönelik çok sayıda bilimsel araştırma yapılmıştır. Fakat muhkem ve müteşâbih konusunda yapılan çalışmalarda genel itibariyle haberî sıfatlara ve bunların te’viline odaklanılmış; meselenin fıkıh usulündeki konumu ve fıkhî hükümlere etkisi ihmal edilmiştir. Dahası, müteşâbih lafızlar fıkıh usulü çalışmalarında dahi çoğunlukla kelâmî perspektifle incelenmiştir. Oysa bu iki kavram İslâm tarihi boyunca, özellikle Hanefî fakihleri tarafından fıkhî hüküm çıkarmada da aktif bir şekilde kullanılmıştır. Debûsî’nin usul anlayışına yönelik çalışmalarda ise muhkem ve müteşâbih konusu, bir iki cümle halinde kısaca özetlenmiş; Debûsî’nin bu bağlamda getirdiği yenilikler, kendisinden sonraki fakihlere etkisi ve teorik zeminde şekillenen anlamsal dönüşümün pratiğe yansımaları tespit edebildiğimiz kadarıyla bilimsel bir araştırmaya konu olmamıştır. Dolayısıyla araştırmada Debûsî’nin muhkem ve müteşâbih yorumu, bunun Hanefî fakihlerine ve Hanefî usul düşüncesine etkisi ilk kez somut bir şekilde ortaya koyulmuştur. Bunun yanı sıra araştırmada Debûsî’nin muhkem ve müteşâbih teorisi kendisinden önceki Hanefî usulcülerin yaklaşımıyla mukayese edilmiş, böylece mezkûr iki kavramın Hanefî fıkıh usulü edebiyatındaki anlamsal döngüsü tespit edilmiştir. Daha da önemlisi muhkem ve müteşâbihin fıkhî meselelerin yorumlanmasında ve fetva işlemlerinde nasıl belirgin olduğu ilk kez bu araştırmada ortaya koyulmuştur. Müteşâbih nasların te’vilinin caiz olup olmadığı, neye göre ve nasıl yorumlanacağı ise bu konuda çok sayıda çalışma yapıldığı için genel itibariyle araştırmanın kapsamı dışındadır. Müteşâbihlerin anlaşılması meselesine sadece muhkemlerle ilişkisi çerçevesinde daha çok Debûsî’nin etkisini gösterecek şekilde kısaca değinilmiştir. Çünkü müteşâbihin kapsamının daralması ve genişlemesiyle paralel olarak, pratikte sonuç değişmemesine rağmen teoride fakihlerin müteşâbihlerin anlamlarının bilinip bilinemeyeceğine dair görüşleri değişiklik göstermiştir. Araştırmada Debûsî öncesi dönemi temsilen bu konudaki görüşleri kesin bir şekilde tespit edilebildiği için Tahâvî, Kerhî ve Cessâs’ın yaklaşımına yer verilmiştir. Tahâvî, Kerhî ve Cessâs, ortak bir dille bütün nasları kelâmî ve fıkhî olup olmamasına bakmaksızın muhkem ve müteşâbih şeklinde temel iki kısma ayırmışlar ve fıkhî hüküm çıkarılan birden çok anlama ihtimalli nasları, mücmel ve müşterek lafızları genel taksim içerisinde müteşâbih saymışlardır. Bu fakihlere göre muhkem ve müteşâbih kendi içinde özel ve diğerlerinden bağımsız bir lafız taksimidir. Öyle ki muhkem başka bir anlama ihtimali olmayan ve mânası doğrudan anlaşılan lafızları, müteşâbih de birden çok anlama ihtimalli olan ve mânası ancak bir karine veya beyân ile anlaşılan lafızları kapsamaktadır. Debûsî ise muhkem ve müteşâbih kavramlarının anlamlarını daraltmış, mücmel ve müştereki müteşâbihin kapsamından kesin bir şekilde çıkarmıştır. Böylece Debûsî ile birlikte müteşâbih, fıkıh usulünde sadece kelâmî içerikli âyetleri ifade etmek için kullanılan bir lafız formuna bürünmüştür. Debûsî’nin özgün yaklaşımı kendisinden sonraki fakihlerin büyük çoğunluğu tarafından kabul edilmekle birlikte hem mezhep içerisinden hem de diğer mezheplerden buna karşı çıkanlar olmuş, mevcut kaynaklar ışığında bu tartışmaların en az üç yüz yıl devam ettiği tespit edilmiştir. İşin ilginç yanı muhkem ve müteşâbih konusunda Debûsî’nin görüşünü benimseyen Hanefî fakihlerin bir kısmı bunu fürûda tatbik ederken zorlanmışlar ve usulde Debûsî’yi takip etmekle birlikte fıkhî hüküm çıkarırken mezkûr iki lafzı Tahâvî, Kerhî ve Cessâs gibi kullanmışlardır. Daha da önemlisi, birtakım Hanefî fakihleri Tahâvî, Kerhî ve Cessâs’la aynı anlamda kullandığı lafzı müteşâbih değil, muhtemil diye adlandırmış, böylece Hanefî usulünde bilinmeyen yeni bir kavram ortaya koymuşlardır. Bu kavram, ilk kez bu araştırma dolayısıyla tespit edilmiştir.",,"İslam Hukuku",tr,"Araştırma Makalesi",2025-07-25,2025-10-31,Tübitak,124K143
345627,"Bir İslam Hukukçusu Olarak Ekmelüddin el-Bâbertî",,"Abdullah Kahraman","Abdullah Kahraman",,,"Ekmelüddin el-Bâbertî,el-İnâye,fıkıh usulü","Kocaeli İlahiyat Dergisi",2564-677X,3108-799X,"Kocaeli Üniversitesi",2017,1,2,1-20,"<p class=""MsoNormal"" style=""margin-top:0cm;margin-right:42.55pt;margin-bottom:.0001pt;margin-left:0cm;text-align:justify;text-indent:1cm;line-height:150%;""><span style=""font-size:12pt;line-height:150%;font-family:'Times New Roman', serif;"">XIV. yüzyılın önde gelen Hanefî âlimlerinden biri
olan Bâbertî, zamanını en iyi şekilde değerlendiren ve adını eserleriyle ilim
tarihine yazdırmayı başaran şahsiyetlerden biridir. İlim tahsili için
memleketini terk etmesi, bu konudaki iştiyak ve fedakârlığına en iyi delildir.
Farklı mezheplerin bulunduğu Mısır ortamında yaşaması, Hanefiliğe daha sıkı
bağlanmasına etki etmiş gözükmektedir. Mezhep müdafaasına yazdığı eserlerden
bunu anlamak mümkündür. </span></p><p></p>

<p class=""MsoNormal"" style=""margin-top:0cm;margin-right:42.55pt;margin-bottom:.0001pt;margin-left:0cm;text-align:justify;text-indent:1cm;line-height:150%;""><span style=""font-size:12pt;line-height:150%;font-family:'Times New Roman', serif;"">İslamî ilimlerin hemen her sahasında eser verecek
kadar yetkinlik kazanan Babertî’nin fıkıh ve fıkıh usulü alanında da eser
vermesi, onun özllikle “el-İnâye” adlı eserinde güçlü usul-furu dengesi
kurmasında etkin rol oynamıştır. Fıkıhçılığını Mergînânî’nin <i>el-Hidâye</i>’sine
şerh olarak kaleme aldığı “el-İnâye”de ortaya koyan Ekmelüddin fıkıh usulü
konusunda bilinen en az  üç eser kaleme
almıştır. Bu eserler müstakil olmayıp şerh şeklinde olsa da, onun usule
hakimiyetini tebarüz ettirecek seviye ve özelliktedirler. Eserlerden ikisinin
Hanefî/fukahâ metoduna göre yazılmış temel iki kaynak olan <i>el-Menâr</i> ve <i>Kenzü’l-vüsûl</i>
üzerine yazılmış olması bu bakımdan çok önemlidir. Zira bu eserlere şerh
yazabilmek müellifin usulcülüğüne dair önemli bir ipucu vermektedir. Reddiye
şeklinde yazılan diğer şerh ise müellifin münazara, mantık, belâgat ve sarf,
nahiv, fıkıh usulü gibi ilimlere hakimiyetine ışık tutmaktadır. </span><span style=""font-family:'Times New Roman', serif;font-size:12pt;"">Bu makalede Babertî’nin fıkıh
ve fıkıh usulüne dair yazdığı eserlerden hareketle fıkıhçılığı üzerinde
durulacaktır.</span></p>",,,,"Araştırma Makalesi",2017-10-22,2017-11-28,,
558292,"Arz Yöntemi Özelinde Hanefî Hadis Anlayışının Teşekkülü",,"Zübeyde Özben Dokak (SAKARYA ÜNİVERSİTESİ, İLAHİYAT FAKÜLTESİ)","Zübeyde Özben Dokak | ORCID: 0000-0002-8456-1467 | SAKARYA ÜNİVERSİTESİ, İLAHİYAT FAKÜLTESİ | SAKARYA ÜNİVERSİTESİ, İLAHİYAT FAKÜLTESİ",,,"Arz,Hanefi,Hadis","Tasavvur / Tekirdağ İlahiyat Dergisi",,2619-9130,"Tekirdağ Namık Kemal Üniversitesi",2019,5,1,533-539,"<p class=""MsoNormal"" style=""margin-top:6pt;text-align:justify;text-indent:1cm;""><span style=""font-size:11pt;font-family:'Book Antiqua', serif;"">Hadisleri değerlendirirken
arz yöntemini esas alan bir metot kullanmaları Hanefî ulemânın hadis anlayışı
hususundaki en belirgin ve ayırıcı özelliklerinden biridir. Nitekim bu yöntem,
Hanefî fıkıh usûlü eserlerinin sünnet bahislerinde önemli bir yer işgal etmekte
ve genellikle manevî inkıtâ kapsamı içerisinde detaylı bir şekilde ele alınıp
değerlendirilmektedir. Mehmet Özşenel’in kaleme aldığı <i>Arz Yöntemi Özelinde
Hanefî Hadis Anlayışının Teşekkülü </i>başlıklı çalışmada da Hanefî hadis
anlayışındaki bu ayırıcı nokta merkeze alınmıştır. Hanefî mezhebinin hadis
anlayışı konusunda önemli çalışmaları bulunan ve Ebû Hanîfe’nin talebeleri Ebû
Yûsuf ve Muhammed eş-Şeybânî özelinde eserler de kaleme almış olan yazar, bu
çalışmasında Hanefî hadis anlayışının Ebû Hanîfe’den (ö. 150/767) Ebü’l-Yüsr
el-Pezdevî’ye (ö. 493/1100) kadar geçen yaklaşık dört asırlık dönemde nasıl bir
gelişme kaydettiğini arz yöntemi çerçevesinde ortaya koymayı amaçlamıştır.</span></p><p></p>",,"Din Araştırmaları",tr,"Kitap İncelemesi",2019-04-01,2019-05-07,,
1336523,"Cessâs’ın Hurma Nebizi ile Abdest Alma Meselesine Dair İstidlalleri: Bir Ebû Hanîfe Savunuculuğu Örneği",10.18505/cuid.1336523,"İbrahim Özpolat","İbrahim Özpolat | ORCID: 0000-0001-6665-8970",,,"İslam hukuku,hurma nebizi,abdest,Cessâs,Ebû Hanîfe","Cumhuriyet İlahiyat Dergisi",2528-9861,2528-987X,"Sivas Cumhuriyet Üniversitesi",2023,27,2,504-523,"Bu araştırma, öncelikle Ebû Hanîfe’nin (öl. 150/767) hurma nebizi ile abdest alma meselesine dair olumlu yöndeki görüşünün sahih olduğunu tespit, daha sonra Ebû Hanîfe’nin bu konudaki delillerinin ortaya konması amacını taşımaktadır. Hurma nebizi ile abdest alma meselesi, erken dönem Hanefî fakihleri arasında tartışmalı olup bu konuda olumlu görüş bildiren fakih, mezhebin kurucu imamı Ebû Hanîfe’dir. Hurma nebizi ile abdest alınabileceği görüşü, Ebû Hanîfe’nin zâhirü’r-rivâye kaynaklarda geçen güçlü görüşüdür. Nuh b. Ebî Meryem’den (öl. 173/789) nakledilen ve Ebû Hanîfe’nin bu görüşten döndüğünü ifade eden rivayet, zâhirü’r-rivâyedeki görüşe karşı koyacak güçte değildir. Bu sebeple zâhirü’r-rivâyedeki görüşü bu rivayete dayanarak yok saymak doğru bir yaklaşım değildir. Nitekim Ebû Hanîfe’nin zâhirü’r-rivâye görüşü Muhtasaru’l-Kerhî ve Muhtasaru’t-Tahâvî gibi klasik Hanefî metinlerinin birçoğunda aktarılmaktadır. Hanefî fakihlerinin çoğunluğu Ebû Yûsuf’un (öl. 182/798) görüşünü tercih etse de Cessâs (öl. 370/981), Kâsânî (öl. 587/1191) ve Aynî (öl. 855/1451) gibi azımsanmayacak bir grup Hanefî fakihi Ebû Hanîfe’nin görüşünü desteklemektedir. Dolayısıyla meseleyle ilgili Hanefî fıkhında iki görüş vardır. Literatürde Ebû Hanîfe’nin görüşünün delilleri, bir bütün olarak tek bir kaynakta mevcut olmayıp birçok Hanefî fıkıh kaynağında dağınık olarak yer almaktadır. Mezkûr delilleri birçok eserinde en geniş şekilde ele alan Hanefî fakihi Cessâs’tır. Bu sebeple konu, Cessâs’ın delillendirmeleri merkeze alınarak incelenmiştir. Cessâs’ın hurma nebizi ile abdest alma meselesine dair istidlalleri aynı zamanda Ebû Yûsuf ve İmam Muhammed (öl. 189/805) gibi diğer Hanefî hukukçularına karşı Ebû Hanîfe’yi savunma anlamı taşımaktadır. Cessâs’ın bu konudaki ısrarlı tavrı ve hararetli karşı cevapları savunma yakıştırmasını ne denli hak ettiğini kanıtlar niteliktedir. Çalışmaya öncelikle abdest alınabilirliğin tartışıldığı hurma nebizinin mahiyetinin tespiti ile başlanmıştır. İlgili tespit için Hanefî fıkıh klasikleri merkeze alınmıştır. Zira hurma nebizi ile abdest alınabileceğini savunan fakihler ağırlıklı olarak Hanefî fakihleri içerisindendir. Daha sonra genel olarak fakihlerin hurma nebizi ile ilgili olumlu ve olumsuz yaklaşımlarına yer verilmiştir. Erken dönem Hanefî fakihlerinden başlanmak üzere sahâbî, tâbiîn ve sonraki birçok fakihin konuyla ilgili görüşlerine yer verilmiştir. Dört fıkıh mezhebinin yaklaşımı da bu kısımda incelenmiştir. Ardından araştırmanın ana konusu olan Cessâs’ın istidlalleri üzerinde durulmuştur. Cessâs’ın istidlallerinin ayet, hadis ve icma olmak üzere üç delile dayandığı görülmektedir. Cessâs ayet olarak el-Mâide sûresi 5/6. ayet, hadis olarak Abdullah b. Mes‘ûd (r.a.) hadisi ve icma olarak da sahâbî icmasını referans olarak göstermeye çalışmaktadır. Üzerinde an fazla polemik yapılan delil şüphesiz İbn Mes‘ûd (r.a.) hadisidir. Cessâs, ilgili hadisin zayıf olduğunu öne sürenlere karşı çıkıp hadisi detaylı tarikleri ile birlikte ele almakta ve bu hadisin sahih olduğunu savunmaktadır.",,"İslam Hukuku",tr,"Araştırma Makalesi",2023-08-02,2023-11-16,,
61762,"Hanefi Usûlünde Literal Yorum Örnekleri",10.15745/da.94444,"Ahmet İşleyen","Ahmet İşleyen",,,"Kur’an’ın anlam ve yorumu, Usul-i fıkh, Hanefiler, Literal Anlam, Şer’î Delil","Dini Araştırmalar",1301-966X,2602-2435,"Motif Yayıncılık",2014,17,"44 (16-06-2014)",121-140,"Bilindiği üzere Hanefî fakihler, yöntemlerinin meşruiyetini sağlayabilmek için başta Kur’an olmak üzere pek çok delile başvurmuştur. Bu çalışmada da Hanefî fa-kihlerinin fıkıh usulünü temellendirirken referansta bulunduğu söz konusu ayetlerden bazıları incelenecektir. Böylece bu mezhebin Kur’an anlayışı ve yorum yöntemi hakkında da bilgi verilmiş olacaktır. Bize göre Hanefî fakihleri, en temel ve tartışmasız kaynak olan kitap ve sünnet gibi şer’î delillerin meşruiyetini de Kur’anî delillerle desteklemek istemişlerdir. Bu da Kur’an’m gerek metinsel gerekse tarihî bağlam dikkate alınmadan, lafzın esas alınarak yorumlanmasına neden olmuştur",,,tr,,2014-03-20,2014-06-09,,
1087153,"Delil-Hüküm İlişkisi Bağlaminda Hanefî Mezhebindeki Teklifî Hükümlere Dair Bazi Değerlendirmeler",10.47424/tasavvur.1087153,"Abdurrahman Bulut (KOCAELİ ÜNİVERSİTESİ, İLAHİYAT FAKÜLTESİ)","Abdurrahman Bulut | ORCID: 0000-0003-4631-7911 | KOCAELİ ÜNİVERSİTESİ, İLAHİYAT FAKÜLTESİ | KOCAELI UNIVERSITY, FACULTY OF THEOLOGY",,,"Hanefî,Amelî Farz,Vâcip,Zannî Haram,İsâet","Tasavvur / Tekirdağ İlahiyat Dergisi",,2619-9130,"Tekirdağ Namık Kemal Üniversitesi",2022,8,1,413-443,"Hanefî mezhebinde, ilgili delilin sübût-delâlet yönünden zannî-katî ol-ması ve talebin bağlayıcı olup olmaması dikkate alınarak teklifî hükümler farklı kategorilerde tespit edilmiştir. Usûl eserlerinde genel bir ifadeyle katî delille sabit olan emir ve yasakların farz ve haram, delilinde zannîlik ve şüphe bulunan emir ve yasakların ise vâcip ve tahrîmen mekruh olduğu ifade edilmektedir. Bununla birlikte Hanefî fürû fıkıh doktrininde “vâcip”ten daha güçlü etkileri olup delilinde zannîlik ve şüphe söz konusu olan ve bundan dolayı fıkıh âlimleri arasında hükmü hakkında ihtilaf edilen bazı “farz”lar tespit edilmiştir. Sonraki dönem Hanefî fakihleri bu tür hükümler için “amelî (zannî) farz” kavramını benimsemişlerdir. Ayrıca Hanefî usûl literatüründe teklifî hükümler incelenirken vâcip, genelde farz ile mukayese edilerek incelenmektedir. Bununla birlikte geç dönem bazı usûl eserlerinde ve fürû fıkıhtaki pek çok meselede vâcip, müekked sünnet ile de mukayese edilmekte ve vâcibin sünnet ile irtibatı veya sünnetten ayırt edilmesi önemli bir mesele olarak ele alınmaktadır. Bu makalede Hanefi mezhebindeki teklifî hükümler tasnifinde ara bir kategoriyi ifade eden “amelî farz”ın mahiyetinin belirginleştirilmesi amaçlanmış ve benzer şekilde Hanefî mezhebi doktrininde, delilinde zannîlik ve şüphe bulunan bazı “haram”ların varlığına dikkat çekilmiştir. Vâcip-sünnet ayrımına dair Hanefî fakihleri tarafından delilin niteliği dikkate alınarak yapılan bazı değerlendirmeler ele alınmış ve özellikle ilgili delilin mahiyetine bağlı olarak yapılan teklifî hüküm tasniflerinde çoğu zaman açık bir şekilde yer verilmeyen müekked sünnetin terk edilmesinin hükmünün ne olduğu tahkik edilmiştir. Bu araştırmada Hanefî mezhebi usûl ve fürû eserleri arasında mukayeseli ve kronolojik bir okuma yapılmaya çalışılmıştır.",,"Din Araştırmaları",tr,"Araştırma Makalesi",2022-03-13,2022-05-14,,
829684,"Medyada Popüler Bir Tartışma Konusu Olarak Recm -Afganistan Örneği-",,"Sadrul Eslam Tahiri (PAMUKKALE ÜNİVERSİTESİ, İLAHİYAT FAKÜLTESİ, TEMEL İSLAM BİLİMLERİ BÖLÜMÜ, İSLAM HUKUKU ANABİLİM DALI); Sefa Atik (PAMUKKALE ÜNİVERSİTESİ, İLAHİYAT FAKÜLTESİ, TEMEL İSLAM BİLİMLERİ BÖLÜMÜ, İSLAM HUKUKU ANABİLİM DALI)","Sadrul Eslam Tahiri | ORCID: 0000-0003-0111-0730 | PAMUKKALE ÜNİVERSİTESİ, İLAHİYAT FAKÜLTESİ, TEMEL İSLAM BİLİMLERİ BÖLÜMÜ, İSLAM HUKUKU ANABİLİM DALI | PAMUKKALE ÜNİVERSİTESİ, İLAHİYAT FAKÜLTESİ, TEMEL İSLAM BİLİMLERİ BÖLÜMÜ, İSLAM HUKUKU ANABİLİM DALI; Sefa Atik | ORCID: 0000-0002-7806-3971 | PAMUKKALE ÜNİVERSİTESİ, İLAHİYAT FAKÜLTESİ, TEMEL İSLAM BİLİMLERİ BÖLÜMÜ, İSLAM HUKUKU ANABİLİM DALI | PAMUKKALE ÜNİVERSİTESİ, İLAHİYAT FAKÜLTESİ, TEMEL İSLAM BİLİMLERİ BÖLÜMÜ, İSLAM HUKUKU ANABİLİM DALI",,,"Afganistan,Taliban,Zina,Recm,Sahra Mahkemesi","Universal Journal of Theology",,2548-0952,"İsmail ŞİMŞEK",2020,5,2,357-386,"Afganistan recm uygulamaları örneği üzerinden Afganistan’da ve Afganistan dışındaki diğer ülkelerde recm konusu tartışılmaktadır. Özellikle Taliban üzerinden medyaya yansıyan olumsuz recm olayları uluslararası kamuoyunda popüler bir konu olarak endişeli bir şekilde gündem oluşturmaya devam etmektedir. 
Geleneksel sünnî nüfus ve anlayışın ağırlıklı olduğu Afganistan’da geleneksel sünnî literatür, halkın maddî ve manevî destekleri ile sürdürülen klasik medrese kültüründe görülen ve devletin resmî okullarında okutulan dersler üzerinden sürdürülmektedir. Ayrıca geleneksel medrese sistemi günümüzde modern dinî eğitimle beraber yaygın bir şekilde varlığını sürdürmektedir. Afganistan’daki gerek resmî gerek gayri resmî medreselerde Hanefî usûl-i fıkıh kitaplarından Uṣûliʼş-Şâşî, Nûrüʼl-envâr, füru-i fıkıh eserlerinde ise el-Fıkhuʼl-Müyesser, Muḫtaṣaru’l-Ḳudûrî, Kenzü’d-deḳāʾiḳ ve el-Hidâye’nin bütün ciltleri okutulmaktadır.  
İşte bu makale Afganistan’da uygulanan ama daha çok Taliban uygulamaları üzerinden popüler bir konu olarak tartışılmaya devam eden recm uygulamalarını Afganistan coğrafyasında tedrisi yapılan Hanefî fıkıh eserleri üzerinden tahlil etmeyi yani uygulamaların Hanefî fıkıh eserlerinde çizilen usul, yöntem ve perspektife uyup uymadığını analiz etmeyi amaçlamaktadır. Yine makalede Afganistan devleti tarafından zina suçuna uygulanan ceza ile Taliban örgütü tarafından zina suçuna uygulanan cezanın ortak ve farklı yönlerinin karşılıklı olarak tespiti yapılacaktır. Dolayısıyla makale şu an mevcut resmî Afganistan devletinin zina suçuna bakış açısını ve bu suça koymuş olduğu müeyyide ve yaptırımların içeriğine de değinmiş olmaktadır. Ayrıca makale, resmî Afganistan devletinin zina suçuna karşı tanzim etmiş olduğu düzenlemelerin mantıkî arka planını da incelemektedir.",,"Din Araştırmaları",tr,"Araştırma Makalesi",2020-11-22,2020-12-29,"Pamukkale Üniversitesi İslami İlimler Enstitüsü",
628951,"ALİ EL-KÂRİ’NİN TEÂRUZ HALİNDEKİ HABERLERE YÖNELİK DEĞERLENDİRMELERİ",10.21054/deuifd.628951,"Hasan Kayapınar (ÇUKUROVA ÜNİVERSİTESİ)","Hasan Kayapınar | ORCID: 0000-0001-8752-463X | ÇUKUROVA ÜNİVERSİTESİ | ÇUKUROVA ÜNİVERSİTESİ",,,"Hanefî mezhebi,Ali el-Kârî,hadis,teâruz,tercih","Dokuz Eylül Üniversitesi İlahiyat Fakültesi Dergisi",1303-3344,2717-8986,"Dokuz Eylül Üniversitesi",2019,,50,133-154,"<p class=""MsoNormal"" style=""margin:0cm;margin-bottom:.0001pt;text-indent:0cm;line-height:normal;"">Hadis kaynaklarında çok sayıda âhâd
haber seviyesinde rivayet bulunmaktadır. Bu rivayetlerin bazıları aynı konuda
farklı bilgiler, farklı hükümler ihtiva etmektedir. Bu durumda teâruz arz eden
rivayetleri anlama ve yorumlama problemi ortaya çıkmaktadır. Klasik dönemde
teâruz halindeki haberlerin nasıl anlaşılması gerektiği, iki zıt anlamlı
rivayetin nasıl telif edileceğine dair hacimli eserler kaleme alınmıştır. </p><p></p><p class=""MsoNormal"" style=""margin:0cm;margin-bottom:.0001pt;text-indent:0cm;line-height:normal;"">Teâruz konusu fıkıh ve fıkıh usulünün
de inceleme alanına girmektedir. Zira teâruz halindeki bazı rivayetler hukuki
hüküm içermektedir. Bu durumda teâruz arz eden haberlerin hangisi ile amel
edileceği belirsiz hale gelmektedir. Mezhepler kendi sistemlerinde bu haberleri
ele almış ve teâruz durumunda nasıl hareket edileceği konusunda yöntem
geliştirmişlerdir. Bu yöntem farklılığı mezheplerin muhtelif sonuçlara ulaşmasına
sebep olmuştur.   </p><p></p><p class=""MsoNormal"" style=""margin-bottom:6pt;line-height:normal;"">



</p><p class=""MsoNormal"" style=""margin:0cm;margin-bottom:.0001pt;text-indent:0cm;line-height:normal;"">Önemli bir Hanefî alimi olan Ali
el-Kârî, fürû-ı fıkıh alanında kaleme aldığı eserinde haberlerin teâruzu
durumunda Hanefî mezhebinin bu konudaki tutumunu ele almış ve bazı
değerlendirmelerde bulunmuştur. Ali el-Kârî aynı zamanda hadis alanındaki
çalışmaları ile de tanınmaktadır. Müellifin bu çalışmaları dikkate alındığında
geniş bir hadis bilgisine sahip olduğu görülmektedir. Bu sayede teâruz
durumunda Hanefîlerin tercih ettiği rivayeti hadis kaynaklarından incelemiş ve
tercih sebeplerini ortaya koymuştur. Ali el-Kârî’nin açıklamaları Hanefî
mezhebinin hadis ile olan ilişkisi, hadisleri anlama ve değerlendirme yöntemleri
hakkında fikir vermesi açısından önem arz etmektedir. </p><p></p>",,,tr,"Araştırma Makalesi",2019-10-17,2019-12-13,,
1649105,"Muhammed et-Trabzonî el-Medenî’nin Risâle fî tahkîki’l-istincâ ve Tathîru’l-eşyâ Adlı Risâlelerinin Işığında Temizlik Anlayışı ve Klasik Hanefî Tahâret Anlayışıyla Mukayesesi",10.33718/tid.1649105,"Ahmet Başaran Manav (TRABZON ÜNİVERSİTESİ, İLAHİYAT FAKÜLTESİ)","Ahmet Başaran Manav | ORCID: 0000-0002-6138-8980 | TRABZON ÜNİVERSİTESİ, İLAHİYAT FAKÜLTESİ | TRABZON ÜNİVERSİTESİ, İLAHİYAT FAKÜLTESİ",,,"İslam hukuku,Hanefî mezhebi,Muhammed et-Trabzonî el-Medenî,Risâle fî tahkîki’l-istincâ,Tathîru’l-eşyâ.","Trabzon İlahiyat Dergisi",,2651-4567,"Trabzon Üniversitesi",2025,12,1,381-400,"Muhammed et-Trabzonî el-Medenî, Trabzon’da doğmuş ve eğitimine burada başlamıştır. Daha sonra İstanbul, Halep, Şam, Kudüs, Mısır, Mekke ve Medine’yi dolaşarak eğitimini tamamlamıştır. Trabzonî, İstanbul’a döndükten sonra Süleymaniye Medresesi’nde müderrislik ve hâfız-ı kütüplük yapmış, bu görevlerinin yanı sıra başta fıkıh ilmi olmak üzere, İslamî ilimlerin birçok dalında eser vermiş, velûd bir Osmanlı âlimidir. Trabzonî’nin fıkıh alanına dair tespit edilebilen on tane eseri vardır. Trabzonî’nin, fıkıh alanına dair tespit edilebilen on tane eserinin iki tanesi temizlikle ilgilidir. Temizlik, dinî ilimlerde özellikle de fıkıhta maddi, manevî ve hükmî temizlik şeklinde anlatılmaktadır. Bu çalışmada Muhammed et-Trabzonî’nin, fürû-i fıkhın ilk konusu olan temizlikle (taharet) alakalı görüşleri değerlendirmeye tabi tutulacaktır. Söz konusu değerlendirme, birbirinden bağımsız fakat birbirinin devamı niteliğindeki iki risâle çerçevesinde olacaktır. Çalışmamızda hem iki risâle (Risâle fî Tahkîki’l-İstincâ, Tathîru’l-Eşyâ) tanıtılıp telif sebeplerine değinilecektir. Bu iki risâle çerçevesinde Trabzonî’nin temizlikle ilgili görüşleri ortaya konulacaktır. Ayrıca Trabzonî’nin temizlikle ilgili bakış açısı, klasik Hanefî geleneğindeki taharet anlayışıyla mukayese edilecektir. Trabzonî, Risâle fî Tahkîki’l-İstincâ adlı eserinde suyla istincâ ile ilgili olarak o dönemde yapılan tartışmalara katılmış ve itirazlara cevap vermeye çalışmıştır. Tathîru’l-Eşyâ risâlesinde ise, necis maddelerin temizlenme yollarını klasik fıkıh eserlerinden aktarmış, bunlara yeni yöntemler eklemiştir. Bu çalışmayla ayrıca Trabzonî’nin klasik Hanefî eserlerinden ne kadar faydalandığı ve onlara ne ölçüde atıf yaptığının tespiti amaçlanmıştır. Bütün bunlara bağlı olarak, müellifin temizlik anlayışı, klasik Hanefî taharet anlayışıyla mukayese edilip, -varsa- aradaki farklar tespit edilmeye çalışılmıştır. Sonuç olarak da 18. asırdaki -özellikle- Hanefî bakış açısı ve ulemanın fıkhî meseleleri anlatırken/yazarken temel kaynaklarla ne kadar irtibat kurduğu ve onlara ne kadar bağlı kalarak izahlar getirdiği; çözüme dair neleri ortaya koyduğu belirlenmeye çalışılacaktır.",,"İslam Hukuku",tr,"Araştırma Makalesi",2025-02-28,2025-05-23,,
849996,"Afganistan Topraklarında Yetişmiş Hanefi Fıkıh Âlimleri",10.30523/mutefekkir.849996,"Mehterhan Furkani (Aksaray Üniversitesi)","Mehterhan Furkani | ORCID: 0000-0002-4415-7830 | Aksaray Üniversitesi | Aksaray Üniversitesi","Adel Abed","Adel Abed","Fıkıh,Afganistan,Hanefî Mezhebi,Fıkıh Âlimleri,Fıkıh Öğretimi",Mütefekkir,2148-5631,2148-8134,"Aksaray Üniversitesi",2020,7,14,613-634,"Bugün Afganistan olarak bilinen bölgede İslam dininin kabul görmesinden sonra, diğer dinî ilimlerde olduğu gibi, fıkıh ilminde de büyük bir gelişme yaşanarak bu alanda birçok büyük fıkıh âlimi yetişti. Yetişen âlimlerin mezhep farklılığı dikkate alındığında bir renkliliğin var olduğu görülmektedir. Ancak yaygınlık ve etkinlik bakımından dikkate alındığında ise Hanefi mezhebinin ön plana çıktığı ve dolayısyla Hanefi fıkıh âlimlerinin çoğunlukta olduğu aşikârdır. Bu çalışmamızda, daha ilk dönemlerden itibaren birer ilim merkezi haline gelen Belh, Gazne ve Herat gibi şehirler başta olmak üzere günümüz Afganistan sınırları içinde yetişen ve bu bölgeye nispet edilen Hanefî fıkıh âlimlerinin bibliyografyasına değinmekle beraber Afganistan’da gerçekleştirilen fıkıh öğretimine de değinirek bölgenin fıkıh ilmine yaptığı katkıyı ele almaya çalışacağız.",,"Din Araştırmaları",ar,Çeviri,2020-07-20,2020-11-09,,
1227937,"Afganistan Topraklarında Yetişmiş Hanefi Fıkıh Âlimleri",,"Mehterhan Furkani (AKSARAY ÜNİVERSİTESİ, İSLAMİ İLİMLER FAKÜLTESİ)","Mehterhan Furkani | AKSARAY ÜNİVERSİTESİ, İSLAMİ İLİMLER FAKÜLTESİ | AKSARAY ÜNİVERSİTESİ, İSLAMİ İLİMLER FAKÜLTESİ",,,"Afganistan,Hanefî Mezhebi,Fıkıh âlimleri,Fıkıh öğretimi","İslam Hukuku Araştırmaları Dergisi",1304-1045,2791-9730,"Gençleri Evlendirme ve Mehir Vakfı",2016,,28,327-350,"Bugün Afganistan olarak bilinen bölgede İslam dininin kabul görmesinden sonra, diğer dinî ilimlerde olduğu gibi, fıkıh ilminde de büyük bir gelişme yaşanarak bu alanda birçok büyük fıkıh âlimi yetişti. Yetişen âlimlerin mezhep farklılığı dikkate alındığında bir renkliliğin var olduğu görülmektedir. Ancak yaygınlık ve etkinlik bakımından dikkate alındığında ise Hanefi mezhebinin ön plana çıktığı ve dolayısıyla Hanefi fıkıh âlimlerinin çoğunlukta olduğu aşikârdır. Bu çalışmamızda, daha ilk dönemlerden itibaren birer ilim merkezi haline gelen Belh, Gazne ve Herat gibi şehirler başta olmak üzere günümüz Afganistan sınırları içinde yetişen ve bu bölgeye nispet edilen Hanefî fıkıh âlimlerinin bibliyografyasına değinmekle beraber Afganistan’da gerçekleştirilen fıkıh öğretimine de değinerek bölgenin fıkıh ilmine yaptığı katkıyı ele almaya çalışacağız.",,"Din, Toplum ve Kültür Araştırmaları ",tr,"Araştırma Makalesi",2016-05-01,,,
1100619,"Zekiyüddîn Şâbân’ın Usûlü’l-Fıkh’ında Hanefî Usûlüne Yönelik Tenkitlerinin Değerlendirilmesi",,"Fatih Karataş (ŞIRNAK ÜNİVERSİTESİ)","Fatih Karataş | ORCID: 0000-0003-1468-192X | ŞIRNAK ÜNİVERSİTESİ | ŞIRNAK ÜNİVERSİTESİ",,,"Fıkıh,Fıkıh Usûlü,Hanefî Usûlü,Zekiyüddîn Şâbân,Tenkit","İslam Hukuku Araştırmaları Dergisi",1304-1045,2791-9730,"Gençleri Evlendirme ve Mehir Vakfı",2022,,39,165-193,"Varoluşundan bu yana Hanefî mezhebine yönelik tenkitlerin yapıldığı bir vakıadır. Gerek cedel ortamlarında gerekse ilmî eserlerde “reʾy ile amel etme”, “hadis bilmeme”, “âhâd hadislerle amel etmeme”, “istihsânla hüküm verme” başta olmak üzere çeşitli konularda Hanefîlere itirazlar yöneltilmiştir. İlmî metotlara uygun olarak yapılan ve isabetli olan itirazların yanında böyle olmayanlarla da karşılaşılabilmektedir. Günümüzde daha çok ders kitabı mâhiyetinde hazırlanan usûl-ı fıkıh kitaplarında da bu hususun varlığı dikkat çekmektedir. Bu gibi tenkitlerin bu türden kitaplarda yer almasının ne kadar doğru olduğu bir yana çoğu zaman öznel olmaları da ayrı bir tartışma konusudur.
Bahsettiğimiz özelliği taşıyan kitaplardan biri de Zekiyüddîn Şâbân’ın telif ettiği “Usûlü’l-fıkhi’l-İslâmî” adlı eseridir. Bu eser, İbrahim Kâfi Dönmez tarafından Türkçeye tercüme edilmiş ve basıldığı 1990 yılından bu yana ilâhiyât fakültelerinin fıkıh usûlü derslerinde en çok takip edilen ders kitaplarından biri olmuştur. Eserde Hanefîlerin bazı usûl görüşleri hakkında yer alan kimi tenkitlerin isabetli olmadığı ve yerinde yapılmadığı görülmektedir. Bunun yanı sıra eserde yer yer Hanefî usûl anlayışı aleyhinde birtakım sübjektif değerlendirmelerin yer alması dikkat çekmektedir.
Ders kitabı olarak hazırlanmış eserlerde temel gaye, ilgili ilim dalının temel meselelerini öğretmektir. Dolayısıyla tartışmalı meselelerde farklı görüşler dile getirilse de bunların delillerinin incelenmesi ve görüşler arasında tercih yapılmasına genellikle yer verilmez. Çünkü bu gibi detaylar, özel araştırma ve incelemeyi gerektirdiğinden ayrı çalışmalarla ortaya konur. Ayrıca ihtilâflı görüşlerden birinin tenkit edilmesi ve zaman zaman bu tenkitlerde sübjektif değerlendirmelere yer verilmesi, sözü edilen temel gayeyi aşabilmektedir. Bu durum, fıkıh usûlü gibi çoğunlukla ilâhiyât öğrencilerinin ilk kez okudukları bir ders için söz konusu olunca; onların zihinlerinde ilgili görüş hakkında soru işaretlerine, hatta yanlış bilgilenmeye sebep olabilmektedir. Bu nedenle Zekiyüddîn Şâbân’ın usûl kitabındaki Hanefîlere yönelik bu tenkitlerinin değerlendirilmesi bir ihtiyaç olarak durmaktaydı.
Zekiyüddîn Şâbân, kısaca ifade edilecek olursa, eserinde Hanefîlere özellikle şu noktalarda tenkit yöneltmiştir: Hanefî usûl kuralları oluşum sürecinde istikrarlı olmayıp zamanla değişikliklere maruz kalmıştır. Yine usûl kuralları tespit edilirken mezhep içi görüşlerle çelişmeme kaygısı taşınmış ve bu kurallar objektif kriterlerle belirlenmemiştir. Âhâd hadislerin hüccet oluşu ile ilgili Hanefîler kendi kurallarına aykırı davranmışlardır. Hanefî fıkhında betimlenen sükûtî icmâ örnekleri usûl ilmindeki icmâ anlayışına uygun düşmemektedir. Hanefîlerin farz ve vâcip ayırımı yapmaları bir yönüyle makul değildir. Hanefî usûl eserlerinde bazen isabetsiz örnekler yer almaktadır. Son olarak Hanefîler uzak tevîller yapmışlardır. Çalışmada bu tenkitler, belli başlı Hanefî usûl ve fıkıh kaynakları muvâcehesinde değerlendirilmeye çalışılmıştır.
Bu çalışmanın temel amacı, öncelikle eserde tenkit edilen Hanefî usûl görüşlerini, kaynaklarda geçtiği şekliyle zikrederek yazarın itirazlarındaki hatalı yönleri ortaya koymaktır. Bunun yanında özellikle ilâhiyât fakültelerindeki öğrenciler için Hanefî usûlü hakkında önyargılı bilgilenmeye sebep olabilecek bu gibi noktalara dikkat çekmek ve ders kitabı mâhiyetindeki eserlerde öznel değerlendirmelerin yer almasının uygun olmayacağına vurgu yapmaktır. Bu nedenle müellifin isabetli görülmeyen tenkitleri, ayrı ayrı ele alınarak Hanefî usûl kaynaklarındaki bilgiler ışığında değerlendirilmiştir.
Çalışma, Hanefî mezhebine karşı tarih boyu zihinlerde yer edinmiş önyargılı bir bakışın günümüzde de bazı müelliflerde bulunduğunu ve bu durumun eserlerine yansıdığını göstermektedir. Diğer yandan gerek usûl gerekse fürû alanında bazı Hanefî görüşlerin tam manasıyla anlaşılamadığı düşünülmektedir. Ayrıca Hanefîlerin bazı görüşlerinin, kendi usûl anlayışıyla değil de cumhûrun usûl mantalitesi ile değerlendirildiği de görülmektedir. Önyargılı bakış açısı ile birlikte sözü edilen bu durum, Hanefî usûl düşüncesinin anlaşılmasının önünde, bir engel olarak durmaktadır.",,"Din, Toplum ve Kültür Araştırmaları ",tr,"Araştırma Makalesi",2022-04-08,2022-06-23,,
1784947,"BİR ŞERHİN ANATOMİSİ: İSLAMİ İLİMLER TARİHİNDE ‘EL-İNÂYE’ NİN YERİ VE ETKİSİ ÜZERİNE BİR İNCELEME, SEYYİD HASAN KOMENÂTİ VE EL-İNÂYE Fİ ŞERHİ'L-VİKÂYE ADLI ESERİ",10.20519/divan.1784947,"Abdussamet Gönay (CUMHURİYET ÜNİVERSİTESİ, İLAHİYAT FAKÜLTESİ)","Abdussamet Gönay | ORCID: 0000-0001-8604-5434 | CUMHURİYET ÜNİVERSİTESİ, İLAHİYAT FAKÜLTESİ | CUMHURİYET ÜNİVERSİTESİ, İLAHİYAT FAKÜLTESİ",,,"İslam Hukuku,Şerh,Vikâye,İnâye,Seyyid Hasan KomenâtÎ","Dîvân Disiplinlerarası Çalışmalar Dergisi",1309-6834,3108-7876,"Bilim ve Sanat Vakfı",2026,31,61,39-71,"<p>Bu makale, Anadolu Selçuklu ve erken Osmanlı dönemi Hanefî fıkıh geleneğinin önemli simalarından biri olmasına rağmen ilim dünyasında yeterince tanınmayan Hasan b. Komenâtî’nin (ö. 840/1436) hayatını, ilmî kişiliğini ve eserlerini incelemeyi amaçlamaktadır. Fıkıh alanındaki yetkinliğini el-İnâye fi Şerhi'l-Vikâye isimli eseriyle kanıtlamış olan Komenâtî'nin ilmî birikimi, sadece naklî bilimler sahasıyla mahdut değildir. Astronomi ve matematik bilgisi gerektiren “zîc” üzerine şerh telif etmesi, rasyonel bilimlerde de rüşdünü ispat ettiğinin göstergesidir. Arap dili ve grameri üzerine telif ettiği iki eser, ilmî formasyonunun genişliğini ve disiplinlerarası niteliğini teyit etmektedir. Çalışmanın odak noktası, Komenâtî’nin, Hanefî fıkıh eğitiminde asırlar boyu temel metin olarak okutulan Burhânuşşerîa Mahmûd b. Sadrişşerîa’nın meşhur eseri el-Vikâye üzerine kaleme aldığı el-İnâye fî Şerhi’l-Vikâye adlı şerhidir. Makalede, mevcut biyografik kaynaklar ve müellifin eserlerindeki kayıtlardan hareketle Hasan b. Komenâtî’nin hayatı, ve eserleri ele alınacaktır. Ardından, fıkıh ilmindeki yetkinliğini ve metodolojisini yansıtan en önemli eseri el-İnâye’nin tanıtımına geçilecektir. Eserin yazılış gayesi, kaynakları, yapısı, dil ve üslup özellikleri, fıkhî istidlal yöntemleri ve müellifin metni şerh ederken takip ettiği yöntemler analiz edilecektir. Bu çalışma, fıkıh tarihimizin karanlıkta kalmış bir âlimini ve onun kıymetli eserini ilim dünyasının gündemine taşıyarak, Anadolu’daki metin-şerh geleneğine farklı bir perspektif kazandırmayı hedeflemektedir.</p>",,"Osmanlı Eğitim Tarihi",tr,"Araştırma Makalesi",2025-09-16,2025-12-20,,
184025,"Neş'etu Usûli'l-fıki'l-Hanefî ve Tatavvuruhu",10.15370/muifd.76968,"Mehmet Boynukalın","Mehmet Boynukalın",,,"Isa b. Eban, Fıkıh usulünün doğuşu, Hanefî usulünün doğuşu, Hanefî usulünün gelişimi, âmm ve hâss, sünnet, haber, haber-i vâhid, teâruz ve tercih, mutezile","Marmara Üniversitesi İlahiyat Fakültesi Dergisi",1302-4973,2529-0061,"Marmara Üniversitesi",2014,0,35,25-56,"<p>Özet<br />Îsâ b. Ebân fıkıh usulü meselelerini Hanefî mezhebine uygun biçimde ele alıp bu konuda eser<br />veren âlimlerin ilklerinden sayılır. Mezhebin kurucusu olan üç alimden biri İmam Muhammed b.<br />Hasan eş-Şeybânî’nin talebelerinden olan İsa b. Eban’ın görüşleri Hanefîlerin fıkıh usulünü<br />oluşturmada önemli ölçüde etkili olmuştur. Bu makalede Hanefî usulünün doğuşuna ışık tutmak<br />amacıyla İsa b. Eban’ın Hanefî usul eserlerindeki görüşlerini takip ederek bir araya getirdik ve<br />zaman içinde kendisinden sonraki Hanefi usulcülerle onun görüşleri arasında meydana çıkan<br />ortak ve farklı noktaları ortaya koymaya çalıştık.<br />Anahtar Kelimeler: İsa b. Eban, Fıkıh usulünün doğuşu, Hanefî usulünün doğuşu, Hanefî<br />usulünün gelişimi, âmm ve hâss, sünnet, haber, haber-i vâhid, teâruz ve tercih, mutezile.<br />Abstract<br />Îsâ b. Abân is one of the foremost scholars in early period who have spoken of and written on the<br />questions in Islamic jurisprudence according to Hanafi school. Being one of the students of Imam<br />Muhammad b. Hasan al-Shaybani who is one of the three founders of this school, his views had a<br />significant impact on the composition of Hanafi Jurisprudence. In this article I collected his views<br />mentioned in Hanafi jurisprudence books trying to shed light on the early development of Islamic<br />jurisprudence and compared his views with views of later Hanafi Jurisprudence scholars to find<br />the points of agreement and disagreement between them over time.<br />Key Words: Îsâ b. Abân, birth of usul al-fiqh, birth of Hanafi usul, development of Hanafi usul,<br />al-âmm wa’l-khâss, sunnah, khabar, khabar al-wâhid, at-taârud wa’t-targih, al-mutazila.</p>",,,tr,,2014-03-05,,,
696294,"Emrin Umûmiliği Hususunda Mezhebine Muhalif Bir Fakih Ebu’l-Yüsr El-Pezdevî (Ö. 493/1100)",10.34085/buifd.696294,"Adnan Algül (GAZİANTEP ÜNİVERSİTESİ, İLAHİYAT FAKÜLTESİ); Emre Bölükbaş (GAZIANTEP UNIVERSITY, .)","Adnan Algül | ORCID: 0000-0002-1052-3548 | GAZİANTEP ÜNİVERSİTESİ, İLAHİYAT FAKÜLTESİ | GAZİANTEP ÜNİVERSİTESİ, İLAHİYAT FAKÜLTESİ; Emre Bölükbaş | ORCID: 0000-0003-2978-0381 | GAZIANTEP UNIVERSITY, . | GAZIANTEP UNIVERSITY, .",,,"Fıkıh,Usûl,Hanefî,Ebu’l-Yüsr,Emir,Umûm","Bingöl Üniversitesi İlahiyat Fakültesi Dergisi",,2687-5128,"Bingol University",2020,,15,219-235,"Fıkıh usûlü ilminde lafızlar bahsinin önemli bir kısmını teşkil eden emir, fakihlerce detaylı incelemelere tabi tutulmuştur. Emirlerin tekrar diğer bir deyişle umûm ifade edip etmedikleri fıkıh usûlü ilminin araştırma konularından birisi olmuştur. Hanefî usûlcülerinin ekseriyeti bu türden bir lafzın tekrar ifade etmeyeceğini ve tekrara da ihtimali olmadığını savunmuşlardır. Bu nedenle her gün edâ edilen beş vakit namaz gibi tekrarı gerektiren emirleri sebeplerle ilişkilendirmişlerdir. Şâfiî, Mâlikî ve Hanbelî fakihleri birtakım şartların sağlanması halinde emrin umûmîliğini yani tekrar ifade edebileceğini benimsemişlerdir. Hanefî mezhebine mensup olan Ebü’l-Yüsr el-Pezdevî ise mezhep içerisinde tercih edilen görüşe muhalefet ederek emrin bir delil veya karîne vasıtasıyla umûm ifade edebileceğini dile getirmiştir. Bu çalışmada Ebü’l-Yüsr ile Hanefî usûlcülerinin emrin tekrarı hususundaki düşüncüleri mukayese edilerek her iki görüş detaylı bir şekilde irdelenmiştir. Yapılan incelemenin sonucunda mezhep içerisindeki bu ihtilafın emirle talep edilen herhangi bir fiilin yeniden vâcip olmasının mecâzen sebeplere izâfe edilip edilemeyeceği sorusuna verilen cevapla ilişkili olduğu tespit edilmiştir.",,,tr,"Araştırma Makalesi",2020-02-28,2020-05-05,"Adnan ALGÜL&Emre BÖLÜKBAŞ",
1111332,"Osmanlı Devleti’nin İlk Şeyhülislâmı Molla Fenârî ve Fusûlü’l-Bedâyiʿ fî Usûli’ş-Şerâyiʿ Adlı Eseri Üzerine Metodolojik Bir İnceleme",10.32950/rteuifd.1111332,"Şevket Topal (RECEP TAYYİP ERDOĞAN ÜNİVERSİTESİ); Mehmet Musa Şirin","Şevket Topal | ORCID: 0000-0001-8628-2800 | RECEP TAYYİP ERDOĞAN ÜNİVERSİTESİ | RECEP TAYYİP ERDOĞAN ÜNİVERSİTESİ; Mehmet Musa Şirin | ORCID: 0000-0003-3559-3048",,,"Hanefî fıkıh usulü,Molla Fenârî,Fusûlü’l-Bedâyiʿ fî Usûli’ş-Şerâyiʿ,Sünnî,Hanefî,Şeyhülislâm","Recep Tayyip Erdoğan Üniversitesi İlahiyat Fakültesi Dergisi",2147-2823,2147-2823,"Recep Tayyip Erdoğan Üniversitesi",2022,,22,188-214,"Osmanlı Devleti’ni oluşturan dinî, ahlakî, sosyal ve kültürel değerler önemli ölçüde Sünnî itikad, Hanefî fıkhına ve tasavvufî ahlaka dayanır. Osmanlı sultanlarının da desteklediği bu düşünceyi temsil eden ulemâ, devletin kuruluşundan itibaren Sünnî, Hanefî, tasavvufî geleneği geliştirmek ve yaymak için faaliyette bulunmuş ve kitaplar yazmışlardır. Orhan Gazi’nin kurduğu İznik Medresesi ve bu medreseye tayin edilen başta Dâvûd-i Kayserî olmak üzere Alâeddîn Esved, Kutbüddîn-i İznikî, Molla Hüsrev, Zenbilli Ali Cemâlî ve bu medresede tahsil görmüş Kara Hoca’nın (Alâeddîn Esved) öğrencisi Molla Fenârî bu düşünceyi yerleştirmede önemli rol oynamışlardır. Molla Fenârî Osmanlı Devleti’nde müderrislik, kadılık ve şeyhülislâmlık gibi önemli görevleri îfâ etmenin yanında aklî ve naklî ilimlerde zirve bir şahsiyet olması sebebiyle hemen her ilim dalında eserler vermiştir. O, beyânî, burhânî ve irfanî bilgiyi sentezleyerek meşru bir zeminde buluşturan bir ilim adamıdır. Bu makalede Molla Fenârî ve onun Fusûlü’l-Bedâyiʿ fî Usûli’ş-Şerâyiʿ adlı Hanefî fıkıh usulü eseri metodolojik açıdan ele alınacaktır. Böylece Osmanlı’nın ilk dönem fıkıh usulü düşüncesinin tarihî seyrini gözlemleme imkânı doğacaktır.",,"Din Araştırmaları",tr,"Araştırma Makalesi",2022-04-29,2022-06-13,,
1247361,"Kâsânî’ye Göre Arz Metodu Çerçevesinde Kaynak Değeri Açısından Haber-i Vâhidler (Bedâiu’s-Sanâi’ Özelinde)",,"Sümeyra Keleş Yıldırım (Diyanet İşleri Başkanlığı)","Sümeyra Keleş Yıldırım | ORCID: 0000-0003-1807-502X | Diyanet İşleri Başkanlığı | Diyanet İşleri Başkanlığı",,,"Hadis Usûlü,Haber-i Vâhidler,Hanefî,Kâsânî,Bedâiu’s-Sanâi’","Balıkesir İlahiyat Dergisi",2149-9969,2717-669X,"Balıkesir Üniversitesi",2023,,17,251-277,"Makalenin temel amacı hicri altıncı asırda yaşamış, Hanefî mezhebinin önde gelen furû-u fıkıh âlimlerinden Kâsânî’nin (ö.587/1191) Bedâiu’s-Sanâi’ isimli eserinde, haber-i vâhidleri delil kabul etmede uyguladığı yöntemleri tespit etmektir. Genelde İslam fıkıh literatüründe, özelde ise Hanefî mezhebinde önemli yere sahip olan Bedâi’, hadis içeriği açısından oldukça zengindir. Bu zengin hadis içeriğinde haber-i vâhidler de yerini almıştır. Bu bağlamda makalede, Kâsânî’nin bu tür haberleri delil alırken uyguladığı arz yöntemi üzerinde durulmuş, müellifin konuyla ilgili uygulamaları tespit edilmeye çalışılmıştır. İlk olarak haber-i vâhidlerin Kur’ân’a arzı incelenmiş, bu kısım Kur’ân’a arzla vacip ya da sünnet olarak kabul ettiği ve Kur’ân’a muhalif olarak geldiği için reddettiği haberi vâhidler başlığı altında açıklanmaya çalışılmıştır. Daha sonra Kâsânî’nin haber-i vâhidleri mütevâtir-meşhur sünnete, icmâya ve umumu belvâya arzı konusunda yaptığı açıklamalara değinilmiştir. Son olarak müellifin haber-i vâhidlerin kıyasa muhalif gelmesi durumunda rivayeti tercih durumu incelenmiştir. Aynı zamanda çalışmamızda Kâsânî’nin haber- vâhidleri delil almada Hanefî mezhebine tabi olduğu ya da varsa ondan ayrıldığı durumlar tespit edilmeye çalışılmıştır. Sonuç olarak Kâsânî’nin haber-i vâhidleri delil almada Hanefî mezhebinin genel görüşüne riayet ettiği, bu konuda mezhebi çizgisinden ayrılmadığı görülmüştür.",,"Din Araştırmaları",tr,"Araştırma Makalesi",2023-02-03,2023-04-05,,
1059898,"Hanefî Mezhebi Özelinde Kadınların Fıkıh İlmine İlgisi",10.18505/cuid.1059898,"Adnan Hoyladı (T.C. MİLLİ EĞİTİM BAKANLIĞI)","Adnan Hoyladı | ORCID: 0000-0002-8565-9941 | T.C. MİLLİ EĞİTİM BAKANLIĞI | T.C. MİLLİ EĞİTİM BAKANLIĞI",,,"Fıkıh,Kadın,Hanefî Mezhebi,Fâtıma bint Muhammed","Cumhuriyet İlahiyat Dergisi",2528-9861,2528-987X,"Sivas Cumhuriyet Üniversitesi",2022,26,1,5-21,"Geçmişten günümüze bütün toplumlarda kadının sosyal hayata erişimi ve ilimle meşguliyeti problemli bir konu olagelmiştir. Hz. Peygamber, cahiliye döneminde değersiz görülen kadına, dünyanın geri kalanında eşine rastlamanın mümkün olmadığı bir şekilde önem vermiş, onların sosyal hayata, camiye ve ilim meclislerine erişimini sağlamıştır. Ancak sahabe döneminden itibaren ataerkil Arap toplumunun baskın karakteri ve Hz. Peygamberin mesajının bazı kesimlerce yeterince anlaşılamaması nedeniyle kadının camiye ve ilim meclislerine erişimi, peyderpey kısıtlanmıştır. Hicrî üçüncü asırdan itibaren kadının fitne unsuru olarak görülmesi, toplumun kadına bakışı, aile içinde kadına yüklenen sorumluluklar, İsrâiliyat ile Yunan filozof ve mantıkçılarının kadına bakış açılarının Müslüman ilim çevrelerine etkisi gibi sebepler, kadının bilgiye ve fıkıh tahsiline erişimini daha da kısıtlamıştır. Kadınlar, bireysel çabaları ve ailelerinde fıkıhla uğraşan erkekler sayesinde fıkıh öğreniminden geri kalmasalar da telif ve ilmî çalışmalar konusunda arka planda kalmışlardır. Hanefî tarihi boyunca Esmâ bint Esed b. Furât, Kâsânî’nin eşi Fâtıma bint Muhammed ve İbnü’s-Sââtî Muzafferuddîn Ahmed b. Ali’nin kızı Fâtıma es-Sââtî öne çıkmaktadır.",,"Din Araştırmaları",tr,"Araştırma Makalesi",2022-01-19,2022-04-26,,
853809,"Hanefî Fıkıh Kitaplarında Ribâ Şüphesi Kavramının Kullanımı",10.18505/cuid.853809,"Huzeyfe Çeker (NECMETTİN ERBAKAN ÜNİVERSİTESİ)","Huzeyfe Çeker | ORCID: 0000-0002-6200-2453 | NECMETTİN ERBAKAN ÜNİVERSİTESİ | NECMETTİN ERBAKAN ÜNİVERSİTESİ",,,"İslam Hukuku,İslam Borçlar Hukuku,Ribâ Şüphesi,Ribâ,Faiz,Hanefî Mezhebi.","Cumhuriyet İlahiyat Dergisi",2528-9861,2528-987X,"Sivas Cumhuriyet Üniversitesi",2021,25,1,73-91,"Riba yasağı, İslam dininin ticari hayatla ilgili belirlediği temel düzenlemelerden biridir. Müslümanların ticari hayatları ve bununla ilgili hukukları ribâ yasağı gözetilerek tanzim edilmiş, tatbikatta da ribâdan hassasiyetle kaçınan bir toplum meydana getirilmiştir. Ribâ konusundaki bu hassasiyet, doktrinde ribâ şüphesinin de ribâ gibi değerlendirilmesi, ona da ribâ gibi haram hükmünün verilmesi şeklinde tezahür etmiştir. Fıkıh kaynaklarında ribânın yanı sıra ribâ şüphesi içeren meselelere de yer verilmiş, bazı meselelerin haram olması ribâ şüphesi ile gerekçelendirilmiştir. Ancak fıkıh kaynaklarında ribâ şüphesi kavramının kullanım mantığı meseleden meseleye değişebilmekte, bir meselede ribâ şüphesinin kullanıldığı mantık başka bir meseleye uymamakta, bir diğerinde ise tamamen farklı bir şekilde karşımıza çıkabilmektedir. Ribâ şüphesi kavramının çerçevesinin netleştirilebilmesi için klasik kaynaklardaki bu kullanımların bir çalışmaya konu edilmesi faydalı olacaktır. Bu amaçla kaleme alınan bu makalede Hanefî mezhebi kaynakları esas alınarak ribâ şüphesi kavramının kullanımı incelenmiştir. Bu kapsamda öncelikle ribâ şüphesi kavramının kullanıldığı meseleler tespit edilmiş, bu kullanımlar bağlamı içerisinde incelenerek kullanım mantıkları belirlenmiş, bu mantıklar tasnif edilerek örneklerle birlikte okuyucuya sunulmuştur. İslam hukukunda ribâ şüphesinin ribâ gibi değerlendirilmesi ilkesi, esasında haramlar söz konusu olduğunda veya ihtiyatın esas olduğu tüm konularda şüphenin hakikat gibi değerlendirilmesi kaidesi ile irtibatlıdır. Ribâ da müslümanların titizlikle kaçınması gereken bir haram olduğu için ve dolayısıyla ihtiyatla hareketi gerektirdiği için şüphesi de gerçek ribâ ile aynı hükme tabi kılınmıştır. Hanefî fıkıh kitaplarında ribâ şüphesi kavramı daha ziyade şu durumlarda kullanılmaktadır:
- Eşitliğin şart koşulduğu bir takasta bedeller arasında eşitliğin olup olmadığının bilinmemesi: örneğin miktarları bilinmeyen iki yığın aynı cins ribevi malın değişiminde böyle bir durum söz konusudur.
- Tarîk-i itibar yoluyla caiz olabilecek bir değişimde tarîk-i itibarın gerçekleşip gerçekleşmediğinin bilinmemesi: örneğin gümüş işlemeli bir kılıcın gümüş ile takasında süslü kısımdaki gümüş miktarının bilinmemesi durumunda, bundan dolayı ribâ şüphesi meydana gelmektedir.
- Normalde caiz olan bir işlemin sonucunda ribâya benzeyen bir durumun ortaya çıkması: Bey‘u’l îne’de şekil itibariyle iki caiz satış söz konusu iken meydana gelen neticenin faiz ile aynı olması ribâ şüphesi olarak değerlendirilmiştir.
- Aynı meseleye bir açıdan bakıldığı zaman ribâ olurken başka bir açıdan bakıldığında ribâ olmaması: Örneğin ribevi malların seleminde teslim esnasında farklı kalite mal getirilip kalite farkının müşteriden talep edilmesi durumunda bu tür bir ribâ şüphesi meydana gelmektedir.
Hanefî fıkıh kitaplarında bu kullanımların dışında mezhepler arası ihtilaflı meselelerde bir görüşü ispat etmek için de ribâ şüphesi kavramına müracaat edildiği görülmektedir. Örneğin Hanefîler tane ile (adedî) veya uzunluk ölçüleri ile (zirâî) satılan mallarda da ribâ hükümlerinin geçerli olduğunu savunmak için bu malların cinsi cinsine değişiminde iki ribâ illetinden birisinin bulunduğunu, tek illet ile de ribâ şüphesi meydana geldiğini söylemektedir. Buna mukabil Şâfiîler de altın ve gümüş dışındaki ribevi malların değişiminde bedellerin belirlenmiş olmasının (tayin) yeterli olmayacağını izah etmek için ribâ şüphesi kavramını kullanmaktadır. Ribâ şüphesi kavramının bir diğer kullanımı, müelliflerin ihtiyatlı bir dil tercih etmesi sonucunda ortaya çıkmaktadır. Aslen ribâ olan ve diğer müellifler tarafından da ribâ olarak nitelenen bazı meselelerde kimi yazarlar tedbirli davranmış, muhtemelen ikisi de aynı hükmü (haram) gerektirdiği için ribâ demek yerine ribâ şüphesi tabirini kullanmıştır. Aslen mekruh olan bazı meselelerde ribâ şüphesinin bulunduğunun söylenilmiş olması şeklinde, kanaatimizce hatalı olan bir başka kullanım da kaynaklarda karşımıza çıkmaktadır.",,"Din Araştırmaları",tr,"Araştırma Makalesi",2021-01-04,2021-06-08,,
219844,"HANEFİ FÜRÛ’ METİNLERİNDE TA’ZÎR BAHSİNİN GELİŞİMİ",10.17335/sakaifd.219844,"Said Nuri Akgündüz (ABANT İZZET BAYSAL ÜNİVERSİTESİ)","Said Nuri Akgündüz | ABANT İZZET BAYSAL ÜNİVERSİTESİ | ABANT İZZET BAYSAL ÜNİVERSİTESİ",,,"Ta’zîr, Hanefî fıkhı, muhtasar, ceza hukuku.","Sakarya Üniversitesi İlahiyat Fakültesi Dergisi",2146-9806,1304-6535,"Sakarya University",2014,16,29,47-68,"<span>Makalemizde, Hanefî fıkhının ilk derleyicisi olarak kabul edilen İmam Muhammed’den başlayarak </span><span>klasik anlamda son fakih olan İbn Âbidîn’e kadar Hanefi fukahasının kaleme almış oldukları irili </span><span>ufaklı yüzlerce fürû’ metni arasında mezhebin temel çizgisini aksettiren eserler üzerinden, ceza </span><span>hukukunda ta’zîr konusunu inceledik. Hanefî fıkıh tarihini üç ana döneme ayırarak bu dönemlerde </span><span>yazılmış kitaplarda ta’zîr konusunun nasıl ele alındığını, nasıl bir gelişim gösterdiğini, kitapların </span><span>birbiriyle ilişkilerini ve birbirine etkilerini görmeye çalıştık. </span><br /><br />",,,tr,"Araştırma Makalesi",2014-07-05,,,
1290446,"Bağlayıcılık Açısından Hz. Peygamber’in Fiilleri: Hüseyin b. Ali b. Muhammed es-Saymerî Örneği",10.54893/vanid.1290446,"Davut Tekin (MİLLİ EĞİTİM BAKANLIĞI)","Davut Tekin | ORCID: 0000-0002-6818-7815 | MİLLİ EĞİTİM BAKANLIĞI | MİLLİ EĞİTİM BAKANLIĞI",,,"Hadis,Sünnet,Hz. Peygamber'in Fiilleri,es-Saymeri,Vacip","Van İlahiyat Dergisi",,2667-615X,"Van Yüzüncü Yıl Üniversitesi",2023,11,19,8-21,"Allah’ın alemlere rahmet olarak gönderdiği Hz. Peygamber, kişinin İslam dininde Allah ile ve diğer insanlarla ilişkilerine dair birçok hukukî kural ve uygulamanın yanında ilahi kitabın açıklanmasına yönelik, hayatın yaşanılabilir kılınmasına dair sözler de sarfetmiştir. Bu sözlerin (hadis) ve fiillerin (sünnet) ne kadarının bağlayıcı olup olmadığı konusu hem Hadis usûlü hem de Fıkıh usûlü âlimleri tarafından müzakere edilmiş ve ortaya hatırı sayılır bir manada eser ortaya çıkmıştır. Hadis usûlünde Hz. Peygamber’in fiilleri hususundaki tartışmalar Fıkıh usûlü eserlerine de yansımış ve özellikle Hanefî mezhebi fakihleri bu konu üzerinde mütalaalar serdetmişlerdir. Bu fakihlerden biri olan Hüseyin b. Ali es-Saymerî,(ö. 436/1045) Hanefî usulünde bir otorite olan Ebu Bekr el-Cessâs’ın (ö. 370/980) talebesi Muhammed b. Musa el-Harezmî’nin (ö. 403/1012) öğrencisidir. Fıkıh usûlünde Cessâs’ın metodunu benimseyen ve bu metodu sürdüren Saymerî, kendi döneminde tartışılan çeşitli temel fıkıh usulü konularını sistematik bir şekilde düzene koymuş ve bu konularda Hanefilerin görüşlerini başta Şafiîler olmak üzere çeşitli fıkıh ve kelam ekollerine karşı savunmuştur. Saymerî, Hanefilerin görüş ve delillerini sunarken öncelikle mezhebin kurucu imamları Ebu Hanife, Ebu Yusuf ve Muhammed eş-Şeybanî’nin görüşlerine baş vurmuş, bunlardan sonra ise Irak bölgesi Hanefî alimlerinden Ebu’l-Hasen el-Kerhî (ö. 340/952) ile onun öğrencisi Ebu Bekr er-Râzî el-Cessâs’tan önemli ölçüde istifade etmiştir. Saymerî’nin eserinin ilgili bölümleri analiz edildiğinde özellikle Cessâs’ın etkisinin fark edilir boyutta olduğu görülmektedir. Bu makalede Saymerî’nin günümüze ulaşan Mesâilü’l-hilâf fî usûli’l-fıkh adlı eseri bağlamında Hz. Peygamber’in fillerinin bağlayıcılığı konusunu mütalaa edilmeye çalışılmıştır. Saymerî’nin Hz. Peygamber’in filleri konusunda diğer usûlcü ve hadisçilerden farklı olan bu tutumu ve bunun altında yatan sebepleri kanaatimizce incelenmeye ve irdelenmeye değer bir husustur.",,"Din Araştırmaları",tr,"Araştırma Makalesi",2023-05-01,2023-11-06,,
1329445,"MÜTEVÂTİR HABERLERE YAKLAŞIMLARI AÇISINDAN SERAHSÎ İLE GAZÂLÎ ARASINDA BİR MUKÂYESE",10.26791/sarkiat.1329445,"Ramazan Özmen (YÜZÜNCÜ YIL ÜNİVERSİTESİ)","Ramazan Özmen | ORCID: 0000-0002-8077-5783 | YÜZÜNCÜ YIL ÜNİVERSİTESİ | YÜZÜNCÜ YIL ÜNİVERSİTESİ",,,"Hadis,es-Serahsî,el-Gazzâlî,usûl,haber,mütevâtir haber.",Şarkiyat,,1308-9633,"Şarkiyat Araştırmaları Derneği",2023,15,2,522-542,"Bu çalışmada, mütevâtir habere yaklaşımları bağlamında Hanefî usûlcü es-Serahsî ile Şâfiî usûlcü el-Gazâlî arasında bir mukâyese yapmaya çalışılmıştır. İki mezhebin konu hakkındaki yaklaşımları, her ikisi de oldukça meşhur olan iki âlimin yaklaşımları üzerinden izlenecektir. Yani bu iki alimin seçilmesi rastgele yapılmamış, onların hem kendi mezhepleri içerisindeki ve hem de umumi olarak diğer alimler içerisindeki şöhretleri göz önüne alınmıştır. es-Serahsî (ö. 483/1090) el-Mebsûṭ adlı eseriyle tanınan en meşhur Hanefî fakih ve usûlcülerden biridir. Ayrıca o eserlerinin sayısı bakımından da şüphesiz en büyük müslüman fakihlerinden biridir. Şâfiî mezhebine mensup olan el-Gazzâlî (ö. 505/1111) ise Eş‘arî kelâmcısı ve usûlcüsü olup, Şâfiî fakihidir. el-Gazâlî kelâm ve fıkıh usûlü sahasında önemli eserler telif etmiş ve kendinden sonra gelen itikâdî ve fıkhî mezhebi farklı da olsa pek çok âlimi görüşleri ile etkilemiştir. Asıl konuya girmeden önce bu meselenin hadis usûlünde nasıl ele alındığı konusuna değinilmiştir. Hadis usûlcüleri kesin/yakînî bilgi içermesinden dolayı mütevâtir haberler meselesini derinlemesine ele almamışlardır. Buna karşılık fıkıh usûlcüleri mütevâtir haber meselesini derinlemesine incelemişlerdir. Fıkıh usûlcüleri mütevâtir haberin epistemolojik değeri üzerinde ayrıntılı olarak durmuşlardır. Dolayısıyla haberlerin epistemolojik değeri hakkında bilgi edinmek isteyenlerin baş vuracağı kaynaklar, hadis usulü kaynakları değil, fıkıh usûlü kaynakları olmaktadır. Biz bu zikrettiğimiz durumların Hanefî es-Serahsî ve Şâfiî el-Gazzâlî için de aynen geçerli olduğunu gördük. Her ne kadar meseleye yaklaşım konusunda farklı mezheplere mensup bu iki usûlcü arasında bazı farklılıklar varsa da bunların haber anlayışlarının birbirlerinden çok da farklı olmadığını ve her birinin iddiasını ispatlamak için benzer argümanlar kullandığını tespit etmiş bulunuyoruz. Bu çalışma bağlamında fıkıh usûlcülerinin mezhepleri farklı da olsa haberlerin epistemolojik değerini ortaya koyarken hemen hemen aynı argümanları kullandıklarını gördük.",,,tr,"Araştırma Makalesi",2023-07-18,2023-09-12,,
953762,"Osman Bayder. El-Hidâye: Bir Fıkıh Metninin Hanefî Geleneğe Etkisi. İstanbul: Hacıveyiszade İlim ve Kültür Vakfı Yayınları, 2020, 195 sayfa.",10.15370/maruifd.953762,"Abdullah Bardakcı (İSTANBUL MEDENİYET ÜNİVERSİTESİ)","Abdullah Bardakcı | ORCID: 0000-0002-1876-6595 | İSTANBUL MEDENİYET ÜNİVERSİTESİ | İSTANBUL MEDENİYET ÜNİVERSİTESİ",,,"Hidaye,hanefi,fıkıh","Marmara Üniversitesi İlahiyat Fakültesi Dergisi",1302-4973,2529-0061,"Marmara Üniversitesi",2021,60,60,235-239,"Klasik eserlerle olan irtibatımız arttıkça klasiklerin nasıl klasikleştiği konusuna olan ilgi ve merakımız da derinleşiyor. Özellikle Hanefî fıkıh literatürünün klasik hüviyetini kazanmış bazı örnekleri, sâir kitaplardan daha fazla ilgi görmüş, birçok çalışmaya konu olmuştur. Mâverâünnehir bölgesi fakihlerinden Ali b. Ebî Bekir el-Merğînânî’nin (ö. 593/1197) el-Hidâye şerhu Bidâyeti’l-mübtedî isimli eseri de üzerine şerh, haşiye, ta‘lîk türlerinde yüzün üzerinde çalışma yapılmış bir klasiktir. Osman Bayder, el-Hidâye: Bir Fıkıh Metninin Hanefî Geleneğe Etkisi adlı kitabında Merğînânî’nin meşhur eserinin kendinden sonraki Hanefî geleneğe etkisini incelemektedir. Kitap üç bölümden oluşmaktadır. Kitaptaki yol haritasını ve izlenen yöntemi bölümler özelinde açıklayan detaylı bir giriş bölümü barındırmayan eserin “Öz Söz”ünde yazar, kitaptaki hedefini ve kitabın inceleme alanını şöyle belirtmiştir: “Bu çalışma Hidâye’nin Hanefî literatürü açısından önemini ve sonraki döneme etkisini incelemektedir” .  Birinci Bölüm’de standart bir âlim biyografisinin aktarımı yerine Merğînânî’nin yer aldığı gelenekten, içinde bulunduğu ilmî çevreden bahsedilmiş ve mezhep içindeki konumu ile içtihat derecesi tartışılmıştır. Bu bölümde müellifin hayatına dâir kitabın iddiasını desteklemeyecek bilgilerin bulunmaması kitap için artı olsa da Merğînânî’ye ait eserlerin tamamının burada verilmemesi eksiklik olarak değerlendirilebilir. Ayrıca bazı eserlerin zikredildiği yerde Merğînânî’nin Muhtârâtü’n-nevâzil isimli eseri sehven Muhtârâtu’z-Ziyâdât olarak verilmiştir. Zira kaynaklarda Merğînânî’ye böyle bir eser nispet edilmemektedir. Yazar bu bölümde, Merğînânî’nin Hanefî füru fıkhı açısından konumunu tartıştıktan sonra onun mezhebin usulündeki önemini de önemli usul ve kelam kitaplarının aktarım silsilelerini inceleyerek göstermeye çalışmıştır.",,,tr,"Kitap İncelemesi",2021-04-17,2021-05-22,,
1633743,"Mali Değer Bakımından Ayn-Menfaat Denkliği Problemi ve Fıkhî İhtilaflara Etkisi",10.59777/ihad.1633743,"Abdurrahman Bulut (İZMİR KATİP ÇELEBİ ÜNİVERSİTESİ)","Abdurrahman Bulut | ORCID: 0000-0003-4631-7911 | İZMİR KATİP ÇELEBİ ÜNİVERSİTESİ | İZMİR KATİP ÇELEBİ ÜNİVERSİTESİ",,,"İslam Hukuku,Hanefî,Şâfiî,Ayn,Menfaat","İslam Hukuku Araştırmaları Dergisi",1304-1045,2791-9730,"Gençleri Evlendirme ve Mehir Vakfı",2025,,45,349-372,"Fıkıh literatüründeki ayn ve menfaat terimleri etrafındaki pek çok fer‘î ihtilafın bu terimlerin mahiyetine ve hukuki değerine yönelik bazı farklı kabullerin neticesi olduğu görülmektedir. Menfaatin hukuki açıdan mal kabul edilip edilmemesi bu türden bir meseledir. Bunun yanı sıra oldukça önemli diğer bir mesele de menfaatin mali değere sahip olmak bakımından ayna denk olup olmamasıdır. Şâfiî mezhebine göre menfaat hukuki açıdan mal kabul edilmiş, Hanefî mezhebinde ise ilke olarak menfaatin mal olmadığı görüşü benimsenmiştir. Günümüz fıkıh araştırmalarında özellikle Hanefî fıkhında menfaatin mal kabul edilmemesi üzerinden bu konu pek çok yönden ele alınmış ve tartışılmıştır. Ayn-menfaat denkliği problemi ise tespit edebildiğimiz kadarıyla müstakil bir araştırma konusu olarak ele alınmamış, ilgili çalışmalarda bu meseleye ilişkin müstakil bir başlık tahsis edilmemiştir. Bu çalışmada fıkıh kaynaklarındaki ilgili meselelerde yapılan izahlara dikkat çekilerek ayn-menfaat denkliği probleminin menfaatin mal olup olmadığı tartışmasından ayrı olarak müstakil bir araştırma konusu yapılmasının önemine işaret edilmiştir. Nitekim Hanefî fıkhına göre menfaatler ilke olarak mütekavvim mal kabul edilmezken, bazı gerekçelere binaen bu kural esnetilmiş ve menfaat, geçici olarak ve sınırlı mahiyette mütekavvim mal kabul edilebilmiştir. Bununla birlikte aynların aksine menfaatlerin “haddizatında mütekavvim mal olmadığı” kabulü her zaman ve durumda geçerli kabul edilmiştir. Özellikle kira, menfaatin vasiyeti gibi konusunu menfaatin teşkil ettiği hukuki işlemlerin bazı temel hükümlerinde Hanefî ve Şâfiî mezhepleri ittifak hâlinde iken bu işlemlere dair ikincil meselelerdeki bazı ihtilafların menfaatin mal olup olmadığı tartışmasından ziyade ayn-menfaat denkliği meselesindeki kabullere paralel olarak seyrettiği görülmektedir. Hanefî ve Şâfiî mezheplerinin, ayn-menfaat denkliği meselesinde esas aldıkları ilkesel yaklaşım ile tutarlı bir görüşler bütününe sahip oldukları görülmektedir. Dolayısıyla ayn-menfaat denkliği meselesindeki temel kabul üzerine bina edilmiş olan fer‘î meselelerden herhangi birinde yapılacak bir tercihin bu görüşlerin üzerine bina edildiği ilgili asıl dolayısıyla diğer meseleler için de bağlayıcı olup olmayacağı üzerinde düşünülmesi ve bu hususta fıkhî bir izah geliştirilmesi gerekmektedir.",,"İslam Hukuku",tr,"Araştırma Makalesi",2025-02-05,2025-05-08,,
860632,"el-Medhal ilâ Usûli’l-Hadis alâ Menheci’l-Hanefiyye, Abdülmecîd et-Türkmânî, (Dâru’r-Riyâhîn), Beyrut-Lübnân, 2018, s. 341.",10.26650/iuitd.2021.860632,"Muhammed Enes (Tokat Gaziosmanpaşa Üniversitesi Hukuk Fakültesi Özel Hukuk Bölümü)","Muhammed Enes | ORCID: 0000-0002-3682-5034 | Tokat Gaziosmanpaşa Üniversitesi Hukuk Fakültesi Özel Hukuk Bölümü | Tokat Gaziosmanpaşa Üniversitesi Hukuk Fakültesi Özel Hukuk Bölümü",,,"hadis usûlü,Hanefî mezhebi,Şâfiî mezhebi,Muhaddisler","İslam Tetkikleri Dergisi",,2717-6967,"İstanbul Üniversitesi",2021,11,1,401-408,"İslam hukukunun temel kaynaklarından biri olan sünnet ile, Hz. Peygamber tarafından öğretilmiş ve konulmuş olan kaideler bütünü; hadis ile de sünnetin aktarıldığı yazılı malzeme kastedilmiştir.  Bu aktarımın metodolojisi olan hadis usûlüne dair Şâfiîler müstakil çalışmalar kaleme almışken Hanefîler, daha çok fıkıh usûlü çalışmalarının sünnet başlığı altında, bazı kitapların mukaddimelerinde ele almıştır.  Günümüzde müstakil olarak okunan hadis usûlü eserlerinin çoğu Şâfiî hadis usûlü anlayışını yansıtmaktadır.  Hanefî hadis usûlü anlayışı ise birkaç eser dışında  müstakil çalışmalara konu olmamıştır. Bu boşluğu doldurmak maksadıyla yaklaşık iki yüz eserden yararlanılarak, âdeta Hanefî fıkıh usûlü eserlerinin sünnet bahislerinin panoramasının sunulduğu, bununla birlikte zaman zaman muhaddislerin görüşlerine de yer verildiği el-Medhal ilâ usûli’l-hadîs alâ menheci’l-Hanefiyye adlı eser Abdulmecîd et-Türkmânî tarafından kaleme alınmıştır. Bu çalışmada adı geçen eserin tanıtımı yapılacaktır.",,"Din Araştırmaları",tr,"Kitap İncelemesi",2021-01-13,2021-03-12,,
941816,"İmam Muhammed Şeybaninin İstanbuldaki Kütüphanesindeki Mevcut Yazma Eserleri",,"Salih Tuğ","Salih Tuğ",,,"islam,ŞEYBANİ,ESER","İslam Medeniyeti Dergisi",,2687-3672,"İslam Medeniyeti Vakfı",1969,2,20,44-49,"İmam Muhammed Şeybânî (H. 132—189/M 749—805), H arun’ur Re­şid'in Kad’ıl-Kudât'ıdır. Ebû  Hanîfe tarafından yazılan herhangi bir fıkıh kitabının yokluğu muvace­hesinde Şeybânî, İslâm Hukukunda Hanefî Mezhebinin kitap sahibi kurucusu telâkki edilebilir.",,"Sanat ve Edebiyat; Din Araştırmaları",tr,"Araştırma Makalesi",1969-06-25,,,
1161248,"İlimler Tasnifi ve Tarihi Açısından Taşköprülüzâde’ye Göre Fıkıh ve Fıkıh Usûlü İlimleri",10.47424/tasavvur.1161248,"Sümeyye Onuk Demirci (Yalova Üniversitesi)","Sümeyye Onuk Demirci | ORCID: 0000-0002-3278-2284 | Yalova Üniversitesi | Yalova Üniversitesi",,,"Fıkıh,Fıkıh Usûlü,İlimler Tasnifi,Taşköprülüzâde,Miftâhu’s-saâde.,Fiqh,Uṣūl al-fiqh,the Classification of Sciences,Tashkoprīzāda,Miftāhu’s-sa‘āda","Tasavvur / Tekirdağ İlahiyat Dergisi",,2619-9130,"Tekirdağ Namık Kemal Üniversitesi",2022,8,2,879-913,"Tercüme faaliyetleriyle birlikte ilimler tasnifine dair eserlerle karşılaşan İslam âlimleri, ilimleri çeşitli açılardan tasnife tabi tutarak kendi tasnif gele-neklerini oluşturmuşlardır. Akıl ve vahiy arasındaki irtibatı dikkate alarak ilimleri konumlandıran, ilimler arasındaki hiyerarşiye ve ilişkiye işaret eden bu tasnifler yaslandıkları ilim anlayışını da yansıtmaktadır.  Bu bağlamda bir tarafta İslam filozoflarının bir tarafta İslam âlimlerinin ortaya koyduğu temelde iki farklı tasnif geleneğinden söz edilebilir. 16. yy. Osmanlı âlimlerinden Taşköprülüzâde (v. 958/1561) bu noktada her iki gelenekten de yararlanarak kendisinden sonrayı etkileyen orijinal bir ilimler tasnifi sunmuştur. İlimler tasnifini aynı zamanda bir ilim dalı olarak da gören Taşköprülüzâde, başta Miftâhu’s-saâde isimli eseri olmak üzere bu alanda dört kıymetli eser telif etmiştir. Bu eserler ilimler tasnifinin yanı sıra ilimler tarihine dair de zengin malumat içermektedir. Fıkıh ve fıkıh usûlü ilimlerini şer‘î ilimlerin bir alt dalı olarak zikreden Taşköprülüzâde, önemli âlimleri ve eserlerini merkeze alarak bu ilimlerle ilgili hem tarihi hem de güncel bilgiler vermektedir. Kendisi de Hanefî mezhebine bağlı olan ve Hanefî mezhebini en faziletli mezhep olarak gören Taşköprülüzâde fıkıh bölümünü Hanefi mezhebini merkeze alarak işlemiştir. Taşköprülüzâde’nin Hanefî fıkhının tarihi sürecini ele aldığı kısmı Mevlânâ Celâleddin Konevî (v. 672/1273) ve Şeyh Bedreddin Simâvî (v. 823/1420) gibi tasavvûfî yönüyle öne çıkan iki büyük âlimle tamamlaması dikkat çeken hususlardan biri olup etkilendiği tasavvufî muhiti ve tasavvuf-fıkıh ilişkisine yaklaşımını göstermesi açısından önemlidir. İlimler tarihi açısından Taşköprülüzâde’nin eserlerini öne çıkaran bir diğer husus da dönemindeki ve muhitindeki müfredata atıfta bulunarak meşhur ve makbul eserleri zikretmesidir. Taşköprülüzâde böylece ilimler tasnifini tarihi, hiyerarşisi ve müfredatıyla bir bütün olarak ortaya koymaktadır.",,"Din Araştırmaları",tr,"Araştırma Makalesi",2022-08-12,2022-10-11,,
1836571,"Hanefî Mezhebini Orta Asya’ya Taşıyan Bir Fakih Olarak Ebû Hafs el-Kebîr ve Buhara Hanefî Okulu",10.34082/islamiilimler.1836571,"Muhammet Fatih Kirenci (HİTİT ÜNİVERSİTESİ, İLAHİYAT FAKÜLTESİ)","Muhammet Fatih Kirenci | ORCID: 0000-0002-0901-907X | HİTİT ÜNİVERSİTESİ, İLAHİYAT FAKÜLTESİ | HİTİT ÜNİVERSİTESİ, İLAHİYAT FAKÜLTESİ",,,"İslam Hukuku,İslam Hukuk Tarihi,Orta Asya Hanefîliği,Buhara Hanefî Okulu,Ebû Hafs el-Kebîr","İslami İlimler Dergisi",1306-7044,3023-7661,"Çorum Çağrı Eğitim Vakfı",2026,,42,289-313,"Ebû Hafs el-Kebîr (ö. 217/832), 150/767 yılında Buhara’da doğmuş, genç yaşta Bağdat’a giderek Ebû Yusuf ve Şeybânî’den ders almıştır. Hanefî mezhebinin temel kaynakları sayılan el-Asl, el-Câmi‘u’l-Kebîr, el-Câmi‘u’s-Sağîr’in yanı sıra Nevâdirü’s-Salât ve Kitâbu’l-Hiyel’i hocası Şeybânî’den rivayet etmiştir. Bu yönüyle Hanefî birikimi Orta Asya’ya taşıyan en önemli isimlerden biri olmuştur. Bu makalenin amacı, Ebû Hafs el-Kebîr’in biyografisini yeniden inşa etmekle birlikte onun Hanefî geleneği içindeki konumunu ve Buhara Hanefî Okulu bağlamında mezhebin kurumsallaşmasına katkılarını ortaya koymaktır. Biyografisi incelendiğinde onun, Hanefî mezhebini Orta Asya’ya taşıyan Ebû Mutî‘ el-Belhî (ö. 199), Ebû Süleyman el-Cûzcânî (ö. 200) ve Ebû Nasr Muhammed b. Sellâm (ö. 225) gibi çağdaşlarına kıyasla daha belirgin bir konuma sahip olduğu görülmektedir. Özellikle önde gelen müelliflerin ilim silsilelerinde yer alması ve Serâhsî (öl. 483) gibi fakihlerin onun rivayetlerine itimat etmeleri mezhep içerisindeki yerinin anlaşılması için önem arz etmektedir. Hanefî eserlerinde Medresetü Ebî Hafs olarak anılan müstakil bir okuldan bahsedilmesi ise Ebû Hafs’ın Buhara Hanefî Okulunun kurucusu olduğunu göstermektedir. Bu okulun bünyesinde yetişmiş fakihlerin vefat yılları itibariyle 450 yılı aşan kesintisiz bir eğitim merkezi olduğu anlaşılmaktadır. Bu sayede Ebû Hafs’ın mezhebin kurumsallaşmasında belirleyici role sahip olduğu görülmektedir. Nitekim ilim silsilelerinde “Ebû Hanîfe – eş-Şeybânî – Ebû Hafs el-Kebîr” şeklinde isminin üçüncü tabakada zikredilmesi de bu durumu desteklemektedir. Ebû Hafs’a nispet edilen el-Fevâid, el-Fetâvâ ve Mesâilü Ebî Hafs eserleri günümüze ulaşmamıştır. Ancak araştırmamız sonucunda basılı Hanefî eserlerde Ebû Hafs’a nispet edilen yetmiş sekiz fetva tespit edilmiştir. Literatürde bu konudaki müstakil çalışmaların sınırlılığı, onun biyografisi ve fetvaları bağlamında mezhep içindeki rolünün daha kapsamlı araştırılmasını gerekli kılmaktadır. Bu çalışmada nitel araştırma yöntemi benimsenmiş, özellikle tarihsel yöntem ile içerik analizi tekniklerinden yararlanılmıştır. Araştırmanın temel veri seti ise tabakât eserlerinden ve fıkıh literatüründen derlenmiştir. Sonuç olarak Ebû Hafs’ın kurduğu Buhara Hanefî Okulu, Hanefîliğin Orta Asya’da yayılmasını hızlandırmış ve nesiller boyunca fıkıh eğitimi verilen kalıcı bir merkez hâline gelmiştir.",,"İslam Hukuku",tr,"Araştırma Makalesi",2025-12-05,2026-03-10,,
569949,"Zemahşerî’nin 'Ruûsu’l-Mesâil' İsimli Hilâf Türü Eserinin Tahlil Edilmesi",10.14395/hititilahiyat.569949,"Abdülkadir Tekin (Amasya Üniversitesi İlahiyat Fakültesi)","Abdülkadir Tekin | ORCID: 0000-0002-4616-6415 | Amasya Üniversitesi İlahiyat Fakültesi | Amasya Üniversitesi İlahiyat Fakültesi",,,"Zemahşerî,Fıkıh,Hanefî,Ruûsu’l-mesâil,Hilâf ilmi","Hitit Üniversitesi İlahiyat Fakültesi Dergisi",2651-3978,2636-8110,"Hitit Üniversitesi",2019,18,36,465-496,"<p class=""MsoNormal"" style=""margin-bottom:6pt;line-height:normal;"" align=""justify""><span style=""font-size:12px;"">Arap dili ve belâgatı konusunda otorite kabul edilmiş
bir şahsiyet olan Zemahşerî (ö.538/1143) çok yönlü bir âlimdir. Tefsir, fıkıh,
hadis ve kelâm gibi disiplinlerde de geniş bir ilme sahip olan Zemahşerî
itikatta koyu bir mu’tezilî olup, amelde ise Hanefî mezhebine mensuptur. Onun
fıkıhla ilgili kaleme almış olduğu “Ruûsu’l-mesâil” isimli eseri hilâf ilmi
açısından önemli bir yere sahiptir. Zemahşerî bu eserinde, mensubu olduğu
Hanefî mezhebinin Şâfiî mezhebinden farklı olan hükümlerini çoğunlukla herhangi
bir tercihte bulunmadan karşılıklı deliller bağlamında mukayeseli olarak
okuyucuya sunmaktadır. Bu yönüyle Zemahşerî’nin yaygın olarak bilinen diğer
yönlerinin yanında iyi bir fakîh olduğunu söylemek mümkündür. Zira iki tarafın
delillerini ortaya koymak suretiyle Hanefî ve Şâfiî mezhepleri arasındaki
ihtilafları muhtasar bir biçimde ortaya koyan bir eser kaleme almak, her iki
mezhebe de vâkıf olmayı gerektirir. Diğer eserlerinde itikâdî olarak mu’tezilî
taraftarlığı dikkat çeken ve bu yönde muhaliflerini sert bir dille eleştirdiği
göze çarpan Zemahşerî’nin bu eserinde amelde mensubu olduğu Hanefî mezhebi
noktasında aynı üslubu takip etmediği ve daha müsamahakar bir çizgi izlediğini
görmekteyiz. Müellifin bu yönüyle okuyucuya fürû’ fıkıhta mezhep taassubundan
uzak çok yönlü bir fıkıh düşüncesi kazandırmayı amaçladığını söylemek
mümkündür. Bu çalışmada fıkhın alt disiplinlerinden uzmanlık gerektiren hilâf
türünde muhtasar olarak kaleme alınan “Ruûsu’l-mesâil” isimli eseri bağlamında
Zemahşerî’nin fıkıhçılık yönü tespit edilmeye çalışılmıştır.</span></p><p></p>",,,tr,"Araştırma Makalesi",2019-05-24,2019-10-13,,
478337,"SADRÜŞŞERÎA’NIN USÛL  DÜŞÜNCESİNDE FIKIH USÛLÜ’NÜN MAHİYETİ",,"Ali Kumaş; Mehmet Ümütli","Ali Kumaş; Mehmet Ümütli",,,"Sadrüşşerîa,Fıkıh usûlü,Tanım,Usûl geleneği","Dinbilimleri Akademik Araştırma Dergisi",,1303-9199,"Yavuz ÜNAL",2018,17,2,75-92,"<p style=""margin-top: 6px; margin-bottom: 0px; margin-left: 28.4px; text-align: justify; font-stretch: normal; font-size: 8px; line-height: normal; font-family: Times;"">Herhangi bir ilmi disiplini anlamanın en doğru yolu, o ilmin mahiyetinin doğru bir şekilde belirlenmesidir. Bu amaca yönelik çalışmalar ise söz konusu ilmin tanımını ve konusunu tespit etme şeklinde gerçekleşmiştir. Fıkıh usûlü ilmi de erken dönemden itibaren bu tür çalışmalara konu olmuş, İslam âlimleri tarafından usûl-i fıkhın tanım ve konusunu tespite yönelik farklı yaklaşımlar ortaya konmuştur. Konuyla ilgili olarak Hanefî usûlcülerinden Sadrüşşerîa’nın (ö. 747/1346) benimsemiş olduğu farklı yaklaşımın, usûl geleneğinde önemli bir yere sahip olduğu söylenebilir. Sadrüşşerîa, fıkıh ve fıkıh usûlü kavramlarını gelenekten farklı bir şekilde tanımlamış, fıkıh usûlünün konusunu tespit hususunda orijinal bir görüş ileri sürmüştür. Bu makalede, Sadrüşşerîa’nın fıkıh usûlünün mahiyetiyle ilgili yaklaşımı ve bu yaklaşımın gelenek içerisindeki yansımalarını tespit etmeye çalışacağız.</p><div><br></div>",,,tr,"Araştırma Makalesi",2017-05-09,,,
643889,"Ali el-Kārî’nin Hanefî Mezhebi’nde İstidlal Edilen Âhâd Haberler Hakkındaki Değerlendirmeleri",,"Hasan Kayapınar","Hasan Kayapınar | ORCID: 0000-0001-8752-463X",,,"İslam Hukuku,Ali el-Kārî,Hanefî Mezhebi,Usul,Âhâd haber",Antakiyat,,2667-4017,"Hatay Mustafa Kemal University",2019,2,2,253-267,"<p class=""MsoNormal"" style=""margin-bottom:.0001pt;text-align:justify;""><span style=""font-size:10pt;line-height:115%;"">Fıkhın önemli kaynakları arasında yer alan sünnetin büyük çoğunluğu âhâd
olarak nakledilmiştir. Ancak âhâd haberlerin birçoğu arasında teâruz bulunduğu
için bu haberlere bir metodoloji çerçevesinde yaklaşma zorunluluğu doğmuş, bu
da mezheplerin bu haberleri kabul noktasında farklı yaklaşımlara sahip olmasına
neden olmuştur. Farklı mezheplere mensup âlimler, kendi ekollerinin âhâd haber
karşısındaki tutumunu izah edebilmek için hacimli eserler kaleme almışlardır.
Hanefî alimlerinin kullandığı hadisleri inceleyen eserlerin başında Ali
el-Kārî’nin <i>Fethu Bâbi’l-İnâye</i> isimli şerhi gelmektedir. Ali el Kārî
küçük yaşlarda taşındığı Mekke’de hadis ve fıkıh başta olmak üzere dini ilimler
alanında kendisini oldukça iyi bir şekilde yetiştirmiştir. Müellifin bu hususu
teyit eder nitelikte muhtelif alanlarda önemli eserleri bulunmaktadır. Ali
el-Kārî <i>Fethu Bâbi’l-İnâye</i> eserinde Hanefî mezhebinin temellendirmesini
yapmakta, özellikle mezhebin hadislere karşı yaklaşımını ele almaktadır. Bu
çalışmada görüldüğü üzere Hanefî mezhebi, âhâd haberi bir metodoloji
çerçevesinde titiz bir şekilde ele almış ve kaynak olarak kullanmıştır. Bu
çalışmada Ali el-Kārî’nin âhâd haber ile ilgili teorik görüşleri ele alınmış,
daha sonra bazı fürû-ı fıkıh örnekleri üzerinden âhâd haber ile istidlal
yöntemi incelenmiştir.</span></p><p></p><p></p>",,"Din Araştırmaları",tr,"Araştırma Makalesi",2019-11-07,2019-11-28,,
477435,"HANEFÎ MEZHEBİNE HİNTLİ BİR YORUM: FERÂİZİYYE HAREKETİ",,"Ahmet Aydın (BİLECİK ŞEYH EDEBALİ ÜNİVERSİTESİ)","Ahmet Aydın | ORCID: 0000-0002-0943-8813 | BİLECİK ŞEYH EDEBALİ ÜNİVERSİTESİ | BİLECİK ŞEYH EDEBALİ ÜNİVERSİTESİ",,,"Ferâiziyye hareketi,Hanefî mezhebi,Vehhâbîlik,Hint alt kıtası",Dergiabant,,2148-0494,"Bolu Abant İzzet Baysal Üniversitesi",2018,6,12,457-478,"<p class=""MsoNormal"" style=""text-align:justify;margin-bottom:.0001pt;text-indent:35.45pt;line-height:normal;""><span style=""font-size:12px;font-family:Cambria, serif;"">Hint alt kıtasında 18. yüzyıldan itibaren hadis-fıkıh merkezli
tartışmaların yoğunluğu giderek artmış, Hanefî mezhebinin hâkim olduğu bu
coğrafyada mezhebin görüşlerinin hadise dayalı delillerinin tartışılması ve
sahih hadis kitaplarına arz edilmesine yönelik eğilimler ortaya çıkmıştır. Bâbürlü
Devleti’nin yıkılması ile Hint-İslam toplumunu bir arada tutmak ve eğitmek
amacıyla ortaya çıkan cemaatler arasında furûʻ-i fıkha dair ortaya çıkan
tartışmalar birbirini tekfir edecek dereceye kadar ulaşmıştır. Bu dönemde modernizmin
tesiri ile sadece Kur’ân’ın hükümleri ile ameli savunan Ehl-i Kur’ân hareketi Hint
alt kıtasında kabul görmeye başlamış, Yemenli ihyâ önderi Şevkânî’nin görüşleri
bir taraftan alt kıtada yayılırken diğer bir taraftan Vehhâbilik farklı
bölgelerde etkisini arttırmıştır. Bu çalışma 19. yüzyılda Bengal’de Hacı
Şeriatullah önderliğinde ortaya çıkan ve Vehhâbîliğin tesirinde kalmış bir hareket
olan Ferâiziyye’yi fıkıh ilmi merkezinde incelemeyi hedeflemektedir.
Kendilerini Hanbelî geleneğinin takipçisi olarak gösteren Vehhâbîler’in görüşlerine
meyletmekle birlikte Hanefî mezhebine müntesip olduklarını söyleyen Ferâiziyye
mensuplarının ortaya çıkardıkları bu sentez çalışmanın mevzuunu teşkil
etmektedir. Zira Vehhâbîlik tarihi bakımından da öncesinde bir benzeri
bulunmayan Hanefî-Vehhâbî bir çizginin özel bir yerinin bulunduğu söylenebilir.</span></p><p></p>",,,tr,"Araştırma Makalesi",2018-11-01,2018-12-28,,
928040,"HANEFÎ FUKAHÂSININ EBÛ HUREYRE VE RİVÂYETLERİNE BAKIŞI",,"Ufuk Dağlıoğlu","Ufuk Dağlıoğlu",,,"Hanefî fukahâ,fıkıh usûlü,Ebû Hureyre,rivâyet,fakih râvi,kıyas","İslami İlimler Araştırmaları Dergisi",2587-1757,2822-6860,"Adıyaman Üniversitesi",2020,,8,1-23,"Ebû Hureyre, İslam’ın son yıllarında Rasûlullah’ın  sas  sahâbîsi olma şerefine nail olmuştur. Ebû Hureyre’nin, Hz. Peygamber’in vefatı sonrası çok hadis nakletmesi, bazı rivâyetlerinin kimi ashâb tarafından tahkik ve tenkid edilmiş olması, âlimlerin dikkatinin ona ve rivâyetlerine yoğunlaşmasına sebep olmuştur. Bu meyanda fukahâ, fıkıh usûlüne dair eserlerinde başta haber-i vâhid olmak üzere bazı konuları Ebû Hureyre ve rivâyetleri üzerinden ele almıştır. Ebû Hureyre’nin hadis dalındaki yetkinliği  hıfz kabiliyeti , fakih ya da nakilci râvi olup olmadığı hususları, Hanefî fakihlerinin onun rivâyetlerini Kitâb, sünnet ve icmâ ile birlikte ele alıp değerlendirmelerinde etkin rol oynamıştır. Hanefî fakihler Ebû Hureyre’nin rivâyet ettiği bazı rivâyetleri kıyasla çelişmesi, Ebû Hureyre’nin de fakih râvi olmaması gerekçeleriyle amel edilebilir bulmamışlardır. Dolayısıyla senedinde sorun olmayan fakat kıyasla/asıllarla çelişen rivâyetler hakkında nasıl hüküm verilmesi gerektiği, hangi yöntem/usûl ile muârazanın çözüme kavuşturulacağı hususu Hanefî fakihlerin fıkıh usûlünün temel meselelerinden olmuştur. Hanefîler, kıyasla çelişen, selef âlimlerinin de amel etmediği Ebû Hureyre rivâyetlerini bazen farklı tevilllerle kabul ederek ma’mûlun bih  kendisiyle amel dilebilir  bulmuş, bazen de amel edilebilir bulmamışlardır. Onlar isnadında sorun olmayan rivâyetleri reddetmeyip, metindeki/muhtevadaki manevi inkıta dolayısıyla tenkit etmişlerdir",,,tr,,,,,
790438,"Hanefi İllet Teorisinde Asıla Özgü Vasıflar İle Ta‘lîlin İmkânı",10.56361/usul.790438,"Zuhal Dağ (FIRAT UNIVERSITY)","Zuhal Dağ | ORCID: 0000-0002-9019-0199 | FIRAT UNIVERSITY | FIRAT UNIVERSITY",,,"Fıkıh usûlü,Hanefî mezhebi,ta‘lîl,kıyas,illet","Usul İslam Araştırmaları",1305-2632,2147-8279,"İstanbul Sabahattin Zaim Üniversitesi",2020,34,34,312-331,"Fıkıh usûlünde Kelam ilmiyle etkileşim içerisinde şekillenen illet teorisi, aynı mezhep içerisinde dahi yeknesak bir yapıya sahip değildir. Hicri 5. asırda Debûsî’nin teorik çerçevesini kurduğu, Serahsî ve Pezdevî’nin eserleri ile olgunlaşan Hanefî illet teorisi, zaman zaman mezhep içi ihtilafa konu olmuş ve tenkit edilmiştir. Bu eleştiriler, fıkıh usûlünün kelâmî öncüllerle alakasını kurmaya çalışan ve Mâtürîdîliği itikadî mezhep olarak benimsemiş Semerkant ulemasında daha belirgindir. Sözü edilen ihtilaflar, illet-hüküm ilişkisi hususundaki yaklaşım farklılığından kaynaklanmakta ve sahih bir kıyas işlemi için gerekli olan şartlara yansımaktadır. Fukahâ metoduna göre eser vermiş Hanefî usûlcülerin sahih bir kıyas işlemi için gerekli gördükleri şartlardan biri olan “asıldaki vasfın müte‘addî oluşu” bunlardandır. Bu şart aynı zamanda müstenbat illetin işlevini ifade etmektedir. Zira onlar için kıyas ile ta‘lîl aynı şeydir. Bu nedenle, Hanefî usûlcülerin geneline göre asıla özgü vasıflar ile ta‘lîlde bulunmak caiz değildir. Buna karşılık Alâeddin es-Semerkandî ve Lâmişî gibi usûlcülere göre bu nitelikte vasıflar ile ta‘lîlde bulunmak câizdir. Bu makalenin amacı mezkûr ihtilafın dayandığı hususları tespit ve tahlil etmektir. Bunun için metinler arası mukayese yöntemi kullanılacaktır.",,"Din Araştırmaları",tr,"Araştırma Makalesi",2020-09-04,2020-10-27,,
803557,"Usûlün Fürûya Yansıması Bağlamında Cessâs’ın Âhâd Haber Anlayışı  -Şerhu Muhtasari’t-Tahâvî Örneği-",10.21054/deuifd.803557,"Ömer Korkmaz (ÇUKUROVA ÜNİVERSİTESİ, İLAHİYAT FAKÜLTESİ)","Ömer Korkmaz | ORCID: 0000-0002-8070-5398 | ÇUKUROVA ÜNİVERSİTESİ, İLAHİYAT FAKÜLTESİ | CUKUROVA UNIVERSITY, FACULTY OF THEOLOGY",,,"İslam Hukuku,Cessâs,Şerhu Muhtasari’t-Tahâvî,Âhâd Haber,Haber-i Vâhid","Dokuz Eylül Üniversitesi İlahiyat Fakültesi Dergisi",1303-3344,2717-8986,"Dokuz Eylül Üniversitesi",2020,-,52,269-297,"Sünnet’in Kur’ân’dan sonra İslam Hukukunun ikinci kaynağı konumunda olduğu hususunda İslam âlimlerinin çoğunluğu görüş birliği içindedir. Bununla birlikte haber-i vâhidin dini hükümlerde delil olarak kullanılması meselesi -sübûtunun zannî olması nedeniyle- ilk dönemlerden itibaren ciddi tartışmalara konu olmuştur. Özellikle Hanefî mezhebinin kurucu imamı Ebû Hanîfe haber-i vâhidleri delil olarak kullanmamakla itham edilmiş, daha çok re’yiyle hüküm verdiği iddia edilmiştir. Ancak Ebû Hanîfe’nin âhâd haberleri delil olarak kullanmadığı iddiasının yersiz olduğunu ispatlamak için pek çok eser kaleme alınmıştır. Cessâs da bu iddianın doğru olmadığını göstermek için konuya eserlerinde oldukça geniş şekilde yer vermiştir. Bu bağlamda Hanefîlerin âhâd haberlere bakışını ve âhâd haberlerin Hanefîler katında değerini de ihtiva eden ilk kapsamlı usûl eseri ile birçok fürû eseri yazmış olması Cessâs’ın açıklamalarına ayrı bir değer katmaktadır. Bu çalışmada, Hanefî mezhebinin kurucu imamlarının ve onların öğrencilerinin fıkıh usûlü anlayışlarının sonraki dönemlere aktarılmasını sağlayan Hanefî âlim Cessâs’ın âhâd haberlere yönelik değerlendirmeleri ele alınacaktır. Cessâs’ın Şerhu muhtasari’t-Tahâvî adlı fıkıh eseri genel olarak incelenerek haber-i vâhide yaklaşımı ilgili eser çerçevesinde izah edilecektir.",,"Din Araştırmaları",tr,"Araştırma Makalesi",2020-10-01,2020-12-18,,
1333009,"Fusûlü’l-Üsrûşenî Adlı Eserin Hanefî Fıkıh Literatürüne Katkısı Hakkında Bir Değerlendirme",10.33718/tid.1333009,"Şerif Gedik (DİYANET İŞLERİ BAŞKANLIĞI)","Şerif Gedik | ORCID: 0000-0002-2032-119X | DİYANET İŞLERİ BAŞKANLIĞI | DİYANET İŞLERİ BAŞKANLIĞI",,,"İslâm Hukuku,Hanefî Fıkhı,Mâverâünnehir,Mecdüddin el-Üsrûşenî,Fusûlü’l-Üsrûşenî","Trabzon İlahiyat Dergisi",,2651-4567,"Trabzon Üniversitesi",2023,10,2,279-304,"Mâverâünnehir’den Osmanlı coğrafyasına, buradan Hindistan’a kadar birçok farklı bölgede kaleme alınan Hanefî fakihlerine ait fürû-i fıkıh ve fetâvâ eserlerini etkileyen Fusûlü’l-Üsrûşenî başta Osmanlı şeyhülislâmları olmak üzere birçok kadı ve müftünün eserlerine kaynaklık etmiştir. Bazı kaynaklarda döneminin müctehid âlimlerinden olduğu ifade edilen Ebü’l-Feth Mecdüddîn el-Üsrûşenî’ye ait olan eserin özellikle Osmanlı coğrafyasında etkisi daha fazla hissedilmiştir. Yargılama hukuku ile muâmelâta dair konuları ihtiva eden eserin gündelik hayatta karşılaşılan bazı sorunlar ile mahkeme ve resmi mercilere iletilen bazı konuları ele alması, eserin kaynak olarak kullanılma yoğunluğunun artmasına önemli katkı sunmuştur. Bu çalışmayla, eserin Hanefî fıkıh literatürü içerisinde muteber kabul edilen bazı kaynaklar üzerindeki etkisinden hareketle literatüre katkısını ortaya koymanın yanı sıra günümüz araştırmacılarının esere olan ilgisini artırmak ve yeni çalışmalar için esere dikkat çekilmesi umulmaktadır. Bu çalışmada, Mecdüddîn el-Üsrûşenî’nin hayatı ve eserleri hakkında kısaca bilgiler verilmesi, Fusûlü’l-Üsrûşenî adlı eserin şekil ve muhteva özelliklerinin, kaynaklarının ve yazma nüshalarının incelenmesi bu eserin Hanefî fürû-i fıkhına yönelik şerh ve haşiyeler ile Osmanlı şeyhülislâm ve kadılarına ait bazı fetâvâ tarzı eserlerine kaynaklık etmesinin araştırılması ve eserden yapılan bazı iktibasların örnekleriyle birlikte aktarılması hedeflenmiştir.",,"İslam Hukuku",tr,"Araştırma Makalesi",2023-07-26,2023-10-26,,
1767320,"Fıkhî Tercihleri Bağlamında Cüşemî’nin İbadetlerle İlgili Ahkâm Âyetlerine Yaklaşımı",10.21054/deuifd.1767320,"Yasin Akan (mardin artuklu üniversitesi)","Yasin Akan | ORCID: 0000-0001-5602-9994 | mardin artuklu üniversitesi | mardin artuklu üniversitesi",,,"İslam Hukuku,Ahkâm,Cüşemî,Hanefî,Zeydî.","Dokuz Eylül Üniversitesi İlahiyat Fakültesi Dergisi",1303-3344,2717-8986,"Dokuz Eylül Üniversitesi",2025,,62,265-282,"İslam hukuku, mükellefin fiillerini doğrudan konu edinen bir disiplindir. Bu disiplinin birinci kaynağı Kur'ân-ı Kerîm’dir. Kur’ân’da yer alan ahkâm âyetleri doğrudan veya dolaylı olarak İslam hukukuna kaynaklık etmektedir. İslam hukukçularının mezhebî kimlikleri çoğu kez ahkâm âyetlerine yaklaşımlarını etkilemiştir. Kelâmî düşüncede Zeydî-Mu‘tezilî âlimlerden kabul edilen Cüşemî’nin fıkhî kimliği noktasında bazı iddialar ileri sürülmüştür. Cüşemî’nin hayatının ilk evrelerinde Hanefî olduğu ve daha sonra Zeydiyye mezhebine intisap ettiği bu iddialar içerisinde en yaygın olanıdır. Bu çalışmada Cüşemî’nin fıkhî kimliğinin belirlenmesine katkı sunması yolunda ahkâm âyetlerine yaklaşımının tahlil edilmesi hedeflenmiştir. Hacmi göz önünde bulundurularak çalışmamız ibadetlerle ilgili âyetlerle sınırlandırılmış ve Cüşemî’nin ibadetlerle ilgili fıkhî ihtilafları konu edindiği meseleler mercek altına alınmıştır. Cüşemî’nin fıkhî kimliğinin belirlenmesi yolunda özellikle tercihte bulunduğu meseleler ortaya konulmuştur. Son olarak Hanefî ve Zeydî fıkıh âlimlerinin konuyla ilgili ihtilaf ve ittifakları incelenmiş ve Cüşemî’nin yakın durduğu fıkhî mezhep ortaya konulmuştur. Bu çalışmada Cüşemî’nin ibadetlerle alakalı âhkâm âyetlerini incelerken yaptığı fıkhî tercihlerinde Hanefî fıkıh âlimlerine yakın durduğu ve Hanefîler’in fıkhî görüşlerini tercih etmekle kalmayıp bunları aynı zamanda temellendirmeye çalıştığı tespit edilmiştir.",,"İslam Hukuku",tr,"Araştırma Makalesi",2025-08-17,2025-12-03,,
1448823,"Hanefî Mezhebine Göre İtikâf İbadeti",10.47424/tasavvur.1448823,"Ramazan Çöklü (ÇANAKKALE ONSEKİZ MART ÜNİVERSİTESİ, İLAHİYAT FAKÜLTESİ)","Ramazan Çöklü | ORCID: 0000-0002-3639-1600 | ÇANAKKALE ONSEKİZ MART ÜNİVERSİTESİ, İLAHİYAT FAKÜLTESİ | ÇANAKKALE ONSEKİZ MART ÜNİVERSİTESİ, İLAHİYAT FAKÜLTESİ",,,"Fıkıh Usulü,İbadet,Hanefî,İtikâf","Tasavvur / Tekirdağ İlahiyat Dergisi",,2619-9130,"Tekirdağ Namık Kemal Üniversitesi",2024,10,1,309-341,"İslâm fıkhının temel paydalarından biri, ibadetlerdir. İnsanın bir ömür boyu devam eden kulluk serüveni ancak ibadetler ile anlam kazanır. Fani dünya hayatında aslî görevini gerektiği şekilde yerine getirmek isteyen insa-noğlunun icra ettiği ibadetlerden biri de itikâftır. Öyle ki kul itikâfta inzivaya çekilir, dünyalık zevk ve arzulardan arınarak Rabbine yanaşır. Böyle bir ibadetin maksadına ulaştırması için şartlarıyla ve rükünleriyle birlikte icra edilmesi gerekir. İşte bu araştırmada Hanefî mezhebine göre itikâf ibadetiyle ilgili meseleler açıklanmıştır. Başta Hanefî mezhebi imamları olmak üzere pek çok fakihin görüşüne yer verilmiştir. Bir mezhebin itikâf ibadetiyle ilgili görüşlerinin derli toplu ve detaylı bir şekilde incelendiği ilk Türkçe akademik çalışmalardan olan bu araştırma, meselelerin fıkıh usulündeki dayanaklarıyla birlikte açıklanması nedeniyle ayrıca önemlidir. Araştırma boyunca Hanefî mezhebinin fıkıh kaynakları kullanılmış, fakihlerin aynı görüşte olduğu meseleler konuyu deliliyle birlikte açıklayan ve usuldeki dayanağını ortaya koyan kaynaktan verilmiştir. Bunun yanı sıra meselelerin temelinde yer alan ve fakihlerin ihtilaf etmesine neden olan rivayetler ile usul konularına değinilmiştir. Araştırmada önce itikâfın tanımı yapılmış, akabinde hükmü ve kısımları açıklanmıştır. Ardından itikâfın şartlarının incelendiği araştırmada son olarak itikâfı bozan şeylere yer verilmiştir.",,"İslam Hukuku",tr,"Araştırma Makalesi",2024-03-07,2024-06-01,,
953420,"Zahid El-Kevserî’nin “Kadının Örtünmesi” İsimli Makalesinin Hanefî Fıkhındaki Yeri",10.47425/marifetname.v8i62834.953420,"Hatice Akyüzoğlu (SAKARYA ÜNİVERSİTESİ)","Hatice Akyüzoğlu | ORCID: 0000-0002-4007-3226 | SAKARYA ÜNİVERSİTESİ | SAKARYA ÜNİVERSİTESİ",,,"İslam Hukuku,Hanefi Fıkhı,Kevseri,Hicab,Tesettür,Kadın",Marifetname,2757-752X,2791-707X,"Siirt Üniversitesi",2021,8,1,313-338,"Kur’an-ı Kerim’de Nûr 24/31 ve Ahzâb 33/59 ile kadınların dışarı
çıkma ya da yabancı bir erkekle karşılaşma durumunda örtünmeleri emredilmiştir.
Bu örtünün nasıl olması gerektiği ve yabancı erkeklerin kimler
olduğu ahkâm tefsirlerinde ve fıkıh kitaplarında detaylıca ele alınmıştır.
Konu, Hanefî mezhebinin fıkıh eserlerinde iki başlık altında incelenmiştir.
Başlıklardan ilki namazın şartları bahsidir. İkinci başlık ise genel olarak
“Kitâbü’l-İstihsan”, bazı eserlerde ise “Kitâbü’l-Kerâhiyye” ve “Kitâbü’l-
Hazr ve’l-İbâha” olarak adlandırılan bölümdür. Namazın şartları bahsinde
setrü’l-avret kısmında kadının namazda avret mahallinin neresi olduğu
izah edilmiştir. İkinci başlık altında ise hür bir kadının namahremi yanında
örtmesinin şart olmadığı uzuvlardan bahsedilmiştir. Fıkıh kitaplarında
uzunca bir süre bu konu oldukça sade bir üslupla ele alınmışken, mezhebin
son dönem âlimleri meseleyi detaylandırmış ve tesettür hususunda daha
daraltıcı bir yorumu tercih etmişlerdir. Osmanlı Devleti’nin son şeyhülislam
vekillerinden olan ve Hanefî mezhebine bağlılığıyla bilinen Zâhid el-
Kevserî de, tercüme ettiğimiz makalesinde meseleyi ele alırken son dönem
âlimlerinin savunduğu görüşleri takip etmiş ve meseleyi oldukça daraltıcı bir
yorumla ele almıştır. Kevserî’nin klasik dönem fakihlerinin görüşlerinden
istifade ederken de kendi iddiasını destekleyen rivayetleri kullandığı görülür.
Kevserî’nin tesettür konusundaki düşüncesini anlamak adına bu makalede
tesettür anlayışının Hanefî mezhebi içerisindeki değişimini dönemler
üzerinden inceleyeceğiz. Ardından Zahid el-Kevserî’nin bu konuda yazmış
olduğu “Kadının Örtünmesi” isimli makalesinin çevirisini sunup, son olarak
bu makale üzerinden mezhebin ve Kevserî’nin tesettür anlayışına yönelik
bir değerlendirmede bulunacağız.",,"Din Araştırmaları",tr,"Araştırma Makalesi",2020-12-22,2021-06-06,,
840803,"Et-Tefsîrâtü’l-Ahmediyye Fî Beyâni’l-Âyâti’ş-Şer‘İyye. Molla Cîven. Beyrut: Dâru’l-Kütübi’l- ‘İlmiyye, 2010, 733 s. ISBN: 9782745160423",,"Hüseyin Okur (KOCAELİ ÜNİVERSİTESİ, İLAHİYAT FAKÜLTESİ)","Hüseyin Okur | ORCID: 0000-0003-4285-7478 | KOCAELİ ÜNİVERSİTESİ, İLAHİYAT FAKÜLTESİ | KOCAELI UNIVERSITY, FACULTY OF THEOLOGY",,,"Hindistan,Molla Cîven,Ahkâm Tefsiri,et-Tefsîratü’l-Ahmediyye",ATEBE,,2757-5616,"Ankara Sosyal Bilimler Üniversitesi",2020,,4,133-137,"Günümüz Hindistanı’nın Uttar Pradeş eyaletinin başkenti ve Delhi’den sonra en büyük ikinci şehri olan Lucknow’da (Lekvev) 1638 yılında dünyaya gelen Molla Cîven, zamanının önemli âlimlerinden biri olarak kabul edilmiştir. Özellikle fıkıh ve usul-i fıkıh alanında yaptığı çalışmalarla tanınmıştır. Onun günümüze kadar ulaşan eserlerinden biri de, ahkâm ayetlerinin tefsiri olan ve Hanefî usul geleneğini büyük oranda yansıttığı et-Tefsîratü’l-Ahmediyye fî Beyâni’l-Âyâtiş-Şeriyye adlı eseridir. Çalışmamızda onun bu eserini tanıtacağız.",,"Din, Toplum ve Kültür Araştırmaları ",tr,"Kitap İncelemesi",2020-09-29,2020-10-28,,
502502,"Fıkıh, Mezhep ve Sünnet (Hanefî Fıkıh Teorisinde Peygamber’in Otoritesi) Hakkında Bazı Mülâhazalar",,"Mehmet Özşenel","Mehmet Özşenel",,,"Fıkıh,fıkıh usulü,sünnet,hadis,rey,haber,Hanefî Mezhebi,Îsâ b. Ebân,Cessâs,Murteza Bedir","Hadis Tetkikleri Dergisi",1304-3617,,"Süha Danışmanlık Araştırma Yayıncılık",2006,4,2,7-36,"<p>Bu yazıda temelde Hanefî Mezhebi’nin haber teorisini ele alarak tarihî gelişim ve perspektif</p><p>içinde inceleyen Murteza Bedir’in Fıkıh, Mezhep ve Sünnet başlıklı çalışmasının geniş</p><p>bir tahlil ve eleştirisi hedeflenmektedir. Yazarın bu çalışmasında sünneti ilk dönem</p><p>müslüman toplumunun müşterek bilgisi olarak gördüğü, hadisin de bu bilginin Hz. Peygamber’le</p><p>irtibatlandırılması faaliyetinden ibaret olduğunu savunduğu görülmektedir. Ona göre</p><p>Hanefî Mezhebi de bu olgudan hareketle kendini daha sonra Şâfiî tarafından naslaştırılmış</p><p>hadisle değil, müşterek bilgi anlamındaki “sünnet”le bağlı görmüştür. Dolayısıyla Şâfiî’den</p><p>sonraki dönemde hadisin öne çıkmasıyla Hanefî âlimler mezhebin Haber teorisini oluştururken ehl-i hadîsten farklı bir yol izleyerek bu toplumsal birikime uygunluk, râvinin fakih</p><p>olması gibi hadislerin kabulünde bazı farklı yaklaşımlar geliştirmişlerdir. Murteza Bedir’in</p><p>çalışması, tarihî açıdan eleştiriye açık bazı yaklaşımlar içerse de Hanefî Mezhebi’nin tarih</p><p>boyunca hadis ve sünnete bakışında görülen değişimler hakkında bir fikir vermektedir.</p>",,,tr,"Araştırma Makalesi",2006-09-01,,,
486271,"Alâuddîn Semerkandî’nin Mîzânu’l-Usûlü Temelinde Semerkant Ekolünün Irak Ekolüne Muhalefet Ettiği Dil Bahisleri",,"Zuhal Dağ (Fırat Üniversitesi, İlahiyat Fakültesi)","Zuhal Dağ | Fırat Üniversitesi, İlahiyat Fakültesi | Fırat Üniversitesi, İlahiyat Fakültesi",,,"Irak, Semerkant, emir, nehiy, âmm, hâss, zâhir, nass","MANAS Sosyal Araştırmalar Dergisi",1694-7215,1694-9323,"Kyrgyz-Turkish Manas University",2017,6,4,143-162,"Hanefî usûl geleneğinde Irak ekolü ve Semerkant ekolü olarak isimlendirilen iki farklı eğilim mevcuttur. Mâveraünnehir bölgesinde ortaya çıkmış bir kelam mektebi olan Semerkant Hanefî ekolü, hicri 3. yüzyılın sonlarından itibaren fıkıh usûlü sahasında da etkisini göstermeye başlamıştır. Fakat Kerhî, Cessâs, Debûsî çizgisinde gelişme gösteren, Pezdevî ve Serahsî ile istikrar kazanan Irak ekolü karşısında, hicri 5. yüzyıldan itibaren güç kaybetmeye başlamıştır. Hanefî usûl anlayışındaki bu iki eğilim bilinmekle birlikte, Alâuddîn Semerkandî’ye gelinceye kadar, söz konusu farklılığa net bir şekilde dikkatleri çeken olmamıştır. Semerkandî ise usule dair eseri Mîzânu’l-Usûl fî Netâici’l-Ukûl’ün birçok yerinde Semerkant meşâyihinin, Irak meşâyihinden farklı düşündüğü konulara temas etmiştir. Dil bahisleri de bunların arasındadır",,,,,2017-10-01,,,
1756336,"19. Asır Hindistan İlim Meclisleri:  el-Ecvibetü’l-fâzıla ve Hadislerin Konumunu Yeniden Tartışmak",10.33718/tid.1756336,"Selim Demirci (TRABZON ÜNİVERSİTESİ)","Selim Demirci | ORCID: 0000-0003-0261-2716 | TRABZON ÜNİVERSİTESİ | TRABZON ÜNİVERSİTESİ",,,"Hadis,el-Ecvibetü’l-fâżıla,Hanefî,Ehl-i Hadis,Leknevî","Trabzon İlahiyat Dergisi",,2651-4567,"Trabzon Üniversitesi",2025,12,"Özel Sayı",7-30,"Bu makale, XIX. yüzyıl Hindistan’ında hadis ve fıkıh ilişkisini, dönemin önde gelen Hanefî âlimlerinden Abdülhay el-Leknevî’nin el-Ecvibetü’l-fâżıla adlı eseri üzerinden incelemektedir. Çalışma, Leknevî’nin Ehl-i Hadis mensubu Hüseyin Lâhôrî’nin sorularına verdiği cevapları analiz ederek, hadis ilminin iç tartışmalarını ve metodolojik yaklaşımlarını, Hint alt kıtasının kendine özgü ilmî zemini içerisinde konumlandırmayı amaçlamaktadır. Hindistan ulemasının karşı karşıya kaldığı sömürgecilik, oryantalistlerin yürüttüğü akademik faaliyetler, misyonerlerin bölgedeki yoğun çalışmaları ve 1857’de meydana gelen meşhur ayaklanma gibi pek çok sorunun şekillendirdiği düşünsel arka plana rağmen, âlimlerin geliştirdiği özgün yaklaşımlar, hadis-fıkıh ilişkisinin daha husûsî bir ifadeyle Ehl-i Hadis-Rey/Mezhep bağının nasıl konumlandırıldığını göstermektedir. Bu anlamda Leknevî, bazı fıkhî konular, rivayetlere yaklaşım, isnad ve râvî değerlendirmeleri, temel hadis kaynaklarının otoritesi ve çelişkili rivayetler karşısında izlenecek yöntem gibi konularda geleneksel Hanefî tercihlerden kısmen ayrılarak taklitten uzak bir tavır benimsediğini vurgulamıştır. Bu yönüyle Leknevî ve eseri el-Ecvibetü’l-fâżıla, yalnızca bir polemik metni değil, aynı zamanda XIX. yüzyılda şekillenen yeni bir Hanefî hadis anlayışının da yansıması olarak değerlendirilebilir. Eserde kullanılan üslup, ele alınan konular, konuların anlatım biçimi ve kaynaklar; okuyucuyu dönemin ilim meclislerine taşıyarak tartışmaların canlılığını ve entelektüel derinliğini ortaya koymaktadır. Aynı zamanda makale Leknevî’nin metodunun Abdülhak Dihlevî ve Şah Veliyyullah Dihlevî gibi bölgenin meşhur âlimlerinin temsil ettiği Hanefî çizginin bir yansımasından ibaret olmadığını ortaya koymaktadır. Buna göre Leknevî her ne kadar görünürde Abdülhak Dihlevî ve daha ziyade Şah Veliyyullah’ın temsil ettiği ilmî mirastan besleniyor gibi görünse de, esasen yaşadığı dönemin ilmî tartışma atmosferi ve birikiminden istifade ederek geçmişteki geleneksel birikimi yeni bir düzleme taşımıştır. Hadis ve fıkıh arasında kurmaya çalıştığı denge üzerinden bakıldığında, Abdülhak ed-Dihlevî ile başlayan ve Şah Veliyyullah tarafından sistemleştirilen yaklaşımı yeniden yorumlayarak, Hint alt kıtası Hanefîliğinin özgün çizgilerinden birini; başka bir ifadeyle, bu geleneğin üçüncü ana damarını temsil etmiştir. Sonuç olarak çalışma, Leknevî’nin örnekliğinde Hint alt kıtasındaki hadis-fıkıh ilişkisinin yeniden konumlandırılmasına katkı sağlamakta ve bölgenin İslamî ilimler sahasındaki özgün yerini vurgulamaktadır.",,Hadis,en,"Araştırma Makalesi",2025-08-01,2025-10-22,,
377720,"Hanef Mezhebi Fıkıh Usûlü Eserlerinde Hadis/Sünnet Anlayışı -Alâeddin es-Semerkandî (ö. 538/1144)’nin Mîzânü’l-Usûl fî Netâici’l- ‘Ukûl Adlı Eseri Bağlamında-",,"Mehmet Sait Uzundağ","Mehmet Sait Uzundağ",,,"Fıkıh Usûlü,Hanefi,ahbar,Hadis/Sünnet","Şırnak Üniversitesi İlahiyat Fakültesi Dergisi",2146-4901,2667-6575,"Şırnak Üniversitesi",2017,8,18,61-75,"<p class=""MsoNormal"" style=""text-align:justify;text-indent:36.0pt;line-height:
150%;mso-layout-grid-align:none;text-autospace:none""><!--[if gte mso 9]><xml>
 <o:OfficeDocumentSettings>
  <o:RelyOnVML></o:RelyOnVML>
  <o:AllowPNG></o:AllowPNG>
 </o:OfficeDocumentSettings>
</xml><![endif]--><!--[if gte mso 9]><xml>
 <w:WordDocument>
  <w:View>Normal</w:View>
  <w:Zoom>0</w:Zoom>
  <w:TrackMoves></w:TrackMoves>
  <w:TrackFormatting></w:TrackFormatting>
  <w:DoNotShowRevisions></w:DoNotShowRevisions>
  <w:DoNotPrintRevisions></w:DoNotPrintRevisions>
  <w:DoNotShowComments></w:DoNotShowComments>
  <w:DoNotShowInsertionsAndDeletions></w:DoNotShowInsertionsAndDeletions>
  <w:DoNotShowPropertyChanges></w:DoNotShowPropertyChanges>
  <w:HyphenationZone>21</w:HyphenationZone>
  <w:PunctuationKerning></w:PunctuationKerning>
  <w:ValidateAgainstSchemas></w:ValidateAgainstSchemas>
  <w:SaveIfXMLInvalid>false</w:SaveIfXMLInvalid>
  <w:IgnoreMixedContent>false</w:IgnoreMixedContent>
  <w:AlwaysShowPlaceholderText>false</w:AlwaysShowPlaceholderText>
  <w:DoNotPromoteQF></w:DoNotPromoteQF>
  <w:LidThemeOther>TR</w:LidThemeOther>
  <w:LidThemeAsian>X-NONE</w:LidThemeAsian>
  <w:LidThemeComplexScript>AR-SA</w:LidThemeComplexScript>
  <w:Compatibility>
   <w:BreakWrappedTables></w:BreakWrappedTables>
   <w:SnapToGridInCell></w:SnapToGridInCell>
   <w:WrapTextWithPunct></w:WrapTextWithPunct>
   <w:UseAsianBreakRules></w:UseAsianBreakRules>
   <w:DontGrowAutofit></w:DontGrowAutofit>
   <w:SplitPgBreakAndParaMark></w:SplitPgBreakAndParaMark>
   <w:EnableOpenTypeKerning></w:EnableOpenTypeKerning>
   <w:DontFlipMirrorIndents></w:DontFlipMirrorIndents>
   <w:OverrideTableStyleHps></w:OverrideTableStyleHps>
  </w:Compatibility>
  <m:mathPr>
   <m:mathFont m:val=""Cambria Math""></m:mathFont>
   <m:brkBin m:val=""before""></m:brkBin>
   <m:brkBinSub m:val=""&#45;-""></m:brkBinSub>
   <m:smallFrac m:val=""off""></m:smallFrac>
   <m:dispDef></m:dispDef>
   <m:lMargin m:val=""0""></m:lMargin>
   <m:rMargin m:val=""0""></m:rMargin>
   <m:defJc m:val=""centerGroup""></m:defJc>
   <m:wrapIndent m:val=""1440""></m:wrapIndent>
   <m:intLim m:val=""subSup""></m:intLim>
   <m:naryLim m:val=""undOvr""></m:naryLim>
  </m:mathPr></w:WordDocument>
</xml><![endif]--><!--[if gte mso 9]><xml>
 <w:LatentStyles DefLockedState=""false"" DefUnhideWhenUsed=""false""
  DefSemiHidden=""false"" DefQFormat=""false"" DefPriority=""99""
  LatentStyleCount=""371"">
  <w:LsdException Locked=""false"" Priority=""0"" QFormat=""true"" Name=""Normal""></w:LsdException>
  <w:LsdException Locked=""false"" Priority=""9"" QFormat=""true"" Name=""heading 1""></w:LsdException>
  <w:LsdException Locked=""false"" Priority=""9"" SemiHidden=""true""
   UnhideWhenUsed=""true"" QFormat=""true"" Name=""heading 2""></w:LsdException>
  <w:LsdException Locked=""false"" Priority=""9"" SemiHidden=""true""
   UnhideWhenUsed=""true"" QFormat=""true"" Name=""heading 3""></w:LsdException>
  <w:LsdException Locked=""false"" Priority=""9"" SemiHidden=""true""
   UnhideWhenUsed=""true"" QFormat=""true"" Name=""heading 4""></w:LsdException>
  <w:LsdException Locked=""false"" Priority=""9"" SemiHidden=""true""
   UnhideWhenUsed=""true"" QFormat=""true"" Name=""heading 5""></w:LsdException>
  <w:LsdException Locked=""false"" Priority=""9"" SemiHidden=""true""
   UnhideWhenUsed=""true"" QFormat=""true"" Name=""heading 6""></w:LsdException>
  <w:LsdException Locked=""false"" Priority=""9"" SemiHidden=""true""
   UnhideWhenUsed=""true"" QFormat=""true"" Name=""heading 7""></w:LsdException>
  <w:LsdException Locked=""false"" Priority=""9"" SemiHidden=""true""
   UnhideWhenUsed=""true"" QFormat=""true"" Name=""heading 8""></w:LsdException>
  <w:LsdException Locked=""false"" Priority=""9"" SemiHidden=""true""
   UnhideWhenUsed=""true"" QFormat=""true"" Name=""heading 9""></w:LsdException>
  <w:LsdException Locked=""false"" SemiHidden=""true"" UnhideWhenUsed=""true""
   Name=""index 1""></w:LsdException>
  <w:LsdException Locked=""false"" SemiHidden=""true"" UnhideWhenUsed=""true""
   Name=""index 2""></w:LsdException>
  <w:LsdException Locked=""false"" SemiHidden=""true"" UnhideWhenUsed=""true""
   Name=""index 3""></w:LsdException>
  <w:LsdException Locked=""false"" SemiHidden=""true"" UnhideWhenUsed=""true""
   Name=""index 4""></w:LsdException>
  <w:LsdException Locked=""false"" SemiHidden=""true"" UnhideWhenUsed=""true""
   Name=""index 5""></w:LsdException>
  <w:LsdException Locked=""false"" SemiHidden=""true"" UnhideWhenUsed=""true""
   Name=""index 6""></w:LsdException>
  <w:LsdException Locked=""false"" SemiHidden=""true"" UnhideWhenUsed=""true""
   Name=""index 7""></w:LsdException>
  <w:LsdException Locked=""false"" SemiHidden=""true"" UnhideWhenUsed=""true""
   Name=""index 8""></w:LsdException>
  <w:LsdException Locked=""false"" SemiHidden=""true"" UnhideWhenUsed=""true""
   Name=""index 9""></w:LsdException>
  <w:LsdException Locked=""false"" Priority=""39"" SemiHidden=""true""
   UnhideWhenUsed=""true"" Name=""toc 1""></w:LsdException>
  <w:LsdException Locked=""false"" Priority=""39"" SemiHidden=""true""
   UnhideWhenUsed=""true"" Name=""toc 2""></w:LsdException>
  <w:LsdException Locked=""false"" Priority=""39"" SemiHidden=""true""
   UnhideWhenUsed=""true"" Name=""toc 3""></w:LsdException>
  <w:LsdException Locked=""false"" Priority=""39"" SemiHidden=""true""
   UnhideWhenUsed=""true"" Name=""toc 4""></w:LsdException>
  <w:LsdException Locked=""false"" Priority=""39"" SemiHidden=""true""
   UnhideWhenUsed=""true"" Name=""toc 5""></w:LsdException>
  <w:LsdException Locked=""false"" Priority=""39"" SemiHidden=""true""
   UnhideWhenUsed=""true"" Name=""toc 6""></w:LsdException>
  <w:LsdException Locked=""false"" Priority=""39"" SemiHidden=""true""
   UnhideWhenUsed=""true"" Name=""toc 7""></w:LsdException>
  <w:LsdException Locked=""false"" Priority=""39"" SemiHidden=""true""
   UnhideWhenUsed=""true"" Name=""toc 8""></w:LsdException>
  <w:LsdException Locked=""false"" Priority=""39"" SemiHidden=""true""
   UnhideWhenUsed=""true"" Name=""toc 9""></w:LsdException>
  <w:LsdException Locked=""false"" SemiHidden=""true"" UnhideWhenUsed=""true""
   Name=""Normal Indent""></w:LsdException>
  <w:LsdException Locked=""false"" Priority=""0"" SemiHidden=""true""
   UnhideWhenUsed=""true"" Name=""footnote text""></w:LsdException>
  <w:LsdException Locked=""false"" SemiHidden=""true"" UnhideWhenUsed=""true""
   Name=""annotation text""></w:LsdException>
  <w:LsdException Locked=""false"" SemiHidden=""true"" UnhideWhenUsed=""true""
   Name=""header""></w:LsdException>
  <w:LsdException Locked=""false"" SemiHidden=""true"" UnhideWhenUsed=""true""
   Name=""footer""></w:LsdException>
  <w:LsdException Locked=""false"" SemiHidden=""true"" UnhideWhenUsed=""true""
   Name=""index heading""></w:LsdException>
  <w:LsdException Locked=""false"" Priority=""35"" SemiHidden=""true""
   UnhideWhenUsed=""true"" QFormat=""true"" Name=""caption""></w:LsdException>
  <w:LsdException Locked=""false"" SemiHidden=""true"" UnhideWhenUsed=""true""
   Name=""table of figures""></w:LsdException>
  <w:LsdException Locked=""false"" SemiHidden=""true"" UnhideWhenUsed=""true""
   Name=""envelope address""></w:LsdException>
  <w:LsdException Locked=""false"" SemiHidden=""true"" UnhideWhenUsed=""true""
   Name=""envelope return""></w:LsdException>
  <w:LsdException Locked=""false"" Priority=""0"" SemiHidden=""true""
   UnhideWhenUsed=""true"" Name=""footnote reference""></w:LsdException>
  <w:LsdException Locked=""false"" SemiHidden=""true"" UnhideWhenUsed=""true""
   Name=""annotation reference""></w:LsdException>
  <w:LsdException Locked=""false"" SemiHidden=""true"" UnhideWhenUsed=""true""
   Name=""line number""></w:LsdException>
  <w:LsdException Locked=""false"" Priority=""0"" SemiHidden=""true""
   UnhideWhenUsed=""true"" Name=""page number""></w:LsdException>
  <w:LsdException Locked=""false"" SemiHidden=""true"" UnhideWhenUsed=""true""
   Name=""endnote reference""></w:LsdException>
  <w:LsdException Locked=""false"" SemiHidden=""true"" UnhideWhenUsed=""true""
   Name=""endnote text""></w:LsdException>
  <w:LsdException Locked=""false"" SemiHidden=""true"" UnhideWhenUsed=""true""
   Name=""table of authorities""></w:LsdException>
  <w:LsdException Locked=""false"" SemiHidden=""true"" UnhideWhenUsed=""true""
   Name=""macro""></w:LsdException>
  <w:LsdException Locked=""false"" SemiHidden=""true"" UnhideWhenUsed=""true""
   Name=""toa heading""></w:LsdException>
  <w:LsdException Locked=""false"" SemiHidden=""true"" UnhideWhenUsed=""true""
   Name=""List""></w:LsdException>
  <w:LsdException Locked=""false"" SemiHidden=""true"" UnhideWhenUsed=""true""
   Name=""List Bullet""></w:LsdException>
  <w:LsdException Locked=""false"" SemiHidden=""true"" UnhideWhenUsed=""true""
   Name=""List Number""></w:LsdException>
  <w:LsdException Locked=""false"" SemiHidden=""true"" UnhideWhenUsed=""true""
   Name=""List 2""></w:LsdException>
  <w:LsdException Locked=""false"" SemiHidden=""true"" UnhideWhenUsed=""true""
   Name=""List 3""></w:LsdException>
  <w:LsdException Locked=""false"" SemiHidden=""true"" UnhideWhenUsed=""true""
   Name=""List 4""></w:LsdException>
  <w:LsdException Locked=""false"" SemiHidden=""true"" UnhideWhenUsed=""true""
   Name=""List 5""></w:LsdException>
  <w:LsdException Locked=""false"" SemiHidden=""true"" UnhideWhenUsed=""true""
   Name=""List Bullet 2""></w:LsdException>
  <w:LsdException Locked=""false"" SemiHidden=""true"" UnhideWhenUsed=""true""
   Name=""List Bullet 3""></w:LsdException>
  <w:LsdException Locked=""false"" SemiHidden=""true"" UnhideWhenUsed=""true""
   Name=""List Bullet 4""></w:LsdException>
  <w:LsdException Locked=""false"" SemiHidden=""true"" UnhideWhenUsed=""true""
   Name=""List Bullet 5""></w:LsdException>
  <w:LsdException Locked=""false"" SemiHidden=""true"" UnhideWhenUsed=""true""
   Name=""List Number 2""></w:LsdException>
  <w:LsdException Locked=""false"" SemiHidden=""true"" UnhideWhenUsed=""true""
   Name=""List Number 3""></w:LsdException>
  <w:LsdException Locked=""false"" SemiHidden=""true"" UnhideWhenUsed=""true""
   Name=""List Number 4""></w:LsdException>
  <w:LsdException Locked=""false"" SemiHidden=""true"" UnhideWhenUsed=""true""
   Name=""List Number 5""></w:LsdException>
  <w:LsdException Locked=""false"" Priority=""10"" QFormat=""true"" Name=""Title""></w:LsdException>
  <w:LsdException Locked=""false"" SemiHidden=""true"" UnhideWhenUsed=""true""
   Name=""Closing""></w:LsdException>
  <w:LsdException Locked=""false"" SemiHidden=""true"" UnhideWhenUsed=""true""
   Name=""Signature""></w:LsdException>
  <w:LsdException Locked=""false"" Priority=""1"" SemiHidden=""true""
   UnhideWhenUsed=""true"" Name=""Default Paragraph Font""></w:LsdException>
  <w:LsdException Locked=""false"" SemiHidden=""true"" UnhideWhenUsed=""true""
   Name=""Body Text""></w:LsdException>
  <w:LsdException Locked=""false"" SemiHidden=""true"" UnhideWhenUsed=""true""
   Name=""Body Text Indent""></w:LsdException>
  <w:LsdException Locked=""false"" SemiHidden=""true"" UnhideWhenUsed=""true""
   Name=""List Continue""></w:LsdException>
  <w:LsdException Locked=""false"" SemiHidden=""true"" UnhideWhenUsed=""true""
   Name=""List Continue 2""></w:LsdException>
  <w:LsdException Locked=""false"" SemiHidden=""true"" UnhideWhenUsed=""true""
   Name=""List Continue 3""></w:LsdException>
  <w:LsdException Locked=""false"" SemiHidden=""true"" UnhideWhenUsed=""true""
   Name=""List Continue 4""></w:LsdException>
  <w:LsdException Locked=""false"" SemiHidden=""true"" UnhideWhenUsed=""true""
   Name=""List Continue 5""></w:LsdException>
  <w:LsdException Locked=""false"" SemiHidden=""true"" UnhideWhenUsed=""true""
   Name=""Message Header""></w:LsdException>
  <w:LsdException Locked=""false"" Priority=""11"" QFormat=""true"" Name=""Subtitle""></w:LsdException>
  <w:LsdException Locked=""false"" SemiHidden=""true"" UnhideWhenUsed=""true""
   Name=""Salutation""></w:LsdException>
  <w:LsdException Locked=""false"" SemiHidden=""true"" UnhideWhenUsed=""true""
   Name=""Date""></w:LsdException>
  <w:LsdException Locked=""false"" SemiHidden=""true"" UnhideWhenUsed=""true""
   Name=""Body Text First Indent""></w:LsdException>
  <w:LsdException Locked=""false"" SemiHidden=""true"" UnhideWhenUsed=""true""
   Name=""Body Text First Indent 2""></w:LsdException>
  <w:LsdException Locked=""false"" SemiHidden=""true"" UnhideWhenUsed=""true""
   Name=""Note Heading""></w:LsdException>
  <w:LsdException Locked=""false"" SemiHidden=""true"" UnhideWhenUsed=""true""
   Name=""Body Text 2""></w:LsdException>
  <w:LsdException Locked=""false"" SemiHidden=""true"" UnhideWhenUsed=""true""
   Name=""Body Text 3""></w:LsdException>
  <w:LsdException Locked=""false"" SemiHidden=""true"" UnhideWhenUsed=""true""
   Name=""Body Text Indent 2""></w:LsdException>
  <w:LsdException Locked=""false"" SemiHidden=""true"" UnhideWhenUsed=""true""
   Name=""Body Text Indent 3""></w:LsdException>
  <w:LsdException Locked=""false"" SemiHidden=""true"" UnhideWhenUsed=""true""
   Name=""Block Text""></w:LsdException>
  <w:LsdException Locked=""false"" SemiHidden=""true"" UnhideWhenUsed=""true""
   Name=""Hyperlink""></w:LsdException>
  <w:LsdException Locked=""false"" SemiHidden=""true"" UnhideWhenUsed=""true""
   Name=""FollowedHyperlink""></w:LsdException>
  <w:LsdException Locked=""false"" Priority=""22"" QFormat=""true"" Name=""Strong""></w:LsdException>
  <w:LsdException Locked=""false"" Priority=""20"" QFormat=""true"" Name=""Emphasis""></w:LsdException>
  <w:LsdException Locked=""false"" SemiHidden=""true"" UnhideWhenUsed=""true""
   Name=""Document Map""></w:LsdException>
  <w:LsdException Locked=""false"" SemiHidden=""true"" UnhideWhenUsed=""true""
   Name=""Plain Text""></w:LsdException>
  <w:LsdException Locked=""false"" SemiHidden=""true"" UnhideWhenUsed=""true""
   Name=""E-mail Signature""></w:LsdException>
  <w:LsdException Locked=""false"" SemiHidden=""true"" UnhideWhenUsed=""true""
   Name=""HTML Top of Form""></w:LsdException>
  <w:LsdException Locked=""false"" SemiHidden=""true"" UnhideWhenUsed=""true""
   Name=""HTML Bottom of Form""></w:LsdException>
  <w:LsdException Locked=""false"" SemiHidden=""true"" UnhideWhenUsed=""true""
   Name=""Normal (Web)""></w:LsdException>
  <w:LsdException Locked=""false"" SemiHidden=""true"" UnhideWhenUsed=""true""
   Name=""HTML Acronym""></w:LsdException>
  <w:LsdException Locked=""false"" SemiHidden=""true"" UnhideWhenUsed=""true""
   Name=""HTML Address""></w:LsdException>
  <w:LsdException Locked=""false"" SemiHidden=""true"" UnhideWhenUsed=""true""
   Name=""HTML Cite""></w:LsdException>
  <w:LsdException Locked=""false"" SemiHidden=""true"" UnhideWhenUsed=""true""
   Name=""HTML Code""></w:LsdException>
  <w:LsdException Locked=""false"" SemiHidden=""true"" UnhideWhenUsed=""true""
   Name=""HTML Definition""></w:LsdException>
  <w:LsdException Locked=""false"" SemiHidden=""true"" UnhideWhenUsed=""true""
   Name=""HTML Keyboard""></w:LsdException>
  <w:LsdException Locked=""false"" SemiHidden=""true"" UnhideWhenUsed=""true""
   Name=""HTML Preformatted""></w:LsdException>
  <w:LsdException Locked=""false"" SemiHidden=""true"" UnhideWhenUsed=""true""
   Name=""HTML Sample""></w:LsdException>
  <w:LsdException Locked=""false"" SemiHidden=""true"" UnhideWhenUsed=""true""
   Name=""HTML Typewriter""></w:LsdException>
  <w:LsdException Locked=""false"" SemiHidden=""true"" UnhideWhenUsed=""true""
   Name=""HTML Variable""></w:LsdException>
  <w:LsdException Locked=""false"" SemiHidden=""true"" UnhideWhenUsed=""true""
   Name=""Normal Table""></w:LsdException>
  <w:LsdException Locked=""false"" SemiHidden=""true"" UnhideWhenUsed=""true""
   Name=""annotation subject""></w:LsdException>
  <w:LsdException Locked=""false"" SemiHidden=""true"" UnhideWhenUsed=""true""
   Name=""No List""></w:LsdException>
  <w:LsdException Locked=""false"" SemiHidden=""true"" UnhideWhenUsed=""true""
   Name=""Outline List 1""></w:LsdException>
  <w:LsdException Locked=""false"" SemiHidden=""true"" UnhideWhenUsed=""true""
   Name=""Outline List 2""></w:LsdException>
  <w:LsdException Locked=""false"" SemiHidden=""true"" UnhideWhenUsed=""true""
   Name=""Outline List 3""></w:LsdException>
  <w:LsdException Locked=""false"" SemiHidden=""true"" UnhideWhenUsed=""true""
   Name=""Table Simple 1""></w:LsdException>
  <w:LsdException Locked=""false"" SemiHidden=""true"" UnhideWhenUsed=""true""
   Name=""Table Simple 2""></w:LsdException>
  <w:LsdException Locked=""false"" SemiHidden=""true"" UnhideWhenUsed=""true""
   Name=""Table Simple 3""></w:LsdException>
  <w:LsdException Locked=""false"" SemiHidden=""true"" UnhideWhenUsed=""true""
   Name=""Table Classic 1""></w:LsdException>
  <w:LsdException Locked=""false"" SemiHidden=""true"" UnhideWhenUsed=""true""
   Name=""Table Classic 2""></w:LsdException>
  <w:LsdException Locked=""false"" SemiHidden=""true"" UnhideWhenUsed=""true""
   Name=""Table Classic 3""></w:LsdException>
  <w:LsdException Locked=""false"" SemiHidden=""true"" UnhideWhenUsed=""true""
   Name=""Table Classic 4""></w:LsdException>
  <w:LsdException Locked=""false"" SemiHidden=""true"" UnhideWhenUsed=""true""
   Name=""Table Colorful 1""></w:LsdException>
  <w:LsdException Locked=""false"" SemiHidden=""true"" UnhideWhenUsed=""true""
   Name=""Table Colorful 2""></w:LsdException>
  <w:LsdException Locked=""false"" SemiHidden=""true"" UnhideWhenUsed=""true""
   Name=""Table Colorful 3""></w:LsdException>
  <w:LsdException Locked=""false"" SemiHidden=""true"" UnhideWhenUsed=""true""
   Name=""Table Columns 1""></w:LsdException>
  <w:LsdException Locked=""false"" SemiHidden=""true"" UnhideWhenUsed=""true""
   Name=""Table Columns 2""></w:LsdException>
  <w:LsdException Locked=""false"" SemiHidden=""true"" UnhideWhenUsed=""true""
   Name=""Table Columns 3""></w:LsdException>
  <w:LsdException Locked=""false"" SemiHidden=""true"" UnhideWhenUsed=""true""
   Name=""Table Columns 4""></w:LsdException>
  <w:LsdException Locked=""false"" SemiHidden=""true"" UnhideWhenUsed=""true""
   Name=""Table Columns 5""></w:LsdException>
  <w:LsdException Locked=""false"" SemiHidden=""true"" UnhideWhenUsed=""true""
   Name=""Table Grid 1""></w:LsdException>
  <w:LsdException Locked=""false"" SemiHidden=""true"" UnhideWhenUsed=""true""
   Name=""Table Grid 2""></w:LsdException>
  <w:LsdException Locked=""false"" SemiHidden=""true"" UnhideWhenUsed=""true""
   Name=""Table Grid 3""></w:LsdException>
  <w:LsdException Locked=""false"" SemiHidden=""true"" UnhideWhenUsed=""true""
   Name=""Table Grid 4""></w:LsdException>
  <w:LsdException Locked=""false"" SemiHidden=""true"" UnhideWhenUsed=""true""
   Name=""Table Grid 5""></w:LsdException>
  <w:LsdException Locked=""false"" SemiHidden=""true"" UnhideWhenUsed=""true""
   Name=""Table Grid 6""></w:LsdException>
  <w:LsdException Locked=""false"" SemiHidden=""true"" UnhideWhenUsed=""true""
   Name=""Table Grid 7""></w:LsdException>
  <w:LsdException Locked=""false"" SemiHidden=""true"" UnhideWhenUsed=""true""
   Name=""Table Grid 8""></w:LsdException>
  <w:LsdException Locked=""false"" SemiHidden=""true"" UnhideWhenUsed=""true""
   Name=""Table List 1""></w:LsdException>
  <w:LsdException Locked=""false"" SemiHidden=""true"" UnhideWhenUsed=""true""
   Name=""Table List 2""></w:LsdException>
  <w:LsdException Locked=""false"" SemiHidden=""true"" UnhideWhenUsed=""true""
   Name=""Table List 3""></w:LsdException>
  <w:LsdException Locked=""false"" SemiHidden=""true"" UnhideWhenUsed=""true""
   Name=""Table List 4""></w:LsdException>
  <w:LsdException Locked=""false"" SemiHidden=""true"" UnhideWhenUsed=""true""
   Name=""Table List 5""></w:LsdException>
  <w:LsdException Locked=""false"" SemiHidden=""true"" UnhideWhenUsed=""true""
   Name=""Table List 6""></w:LsdException>
  <w:LsdException Locked=""false"" SemiHidden=""true"" UnhideWhenUsed=""true""
   Name=""Table List 7""></w:LsdException>
  <w:LsdException Locked=""false"" SemiHidden=""true"" UnhideWhenUsed=""true""
   Name=""Table List 8""></w:LsdException>
  <w:LsdException Locked=""false"" SemiHidden=""true"" UnhideWhenUsed=""true""
   Name=""Table 3D effects 1""></w:LsdException>
  <w:LsdException Locked=""false"" SemiHidden=""true"" UnhideWhenUsed=""true""
   Name=""Table 3D effects 2""></w:LsdException>
  <w:LsdException Locked=""false"" SemiHidden=""true"" UnhideWhenUsed=""true""
   Name=""Table 3D effects 3""></w:LsdException>
  <w:LsdException Locked=""false"" SemiHidden=""true"" UnhideWhenUsed=""true""
   Name=""Table Contemporary""></w:LsdException>
  <w:LsdException Locked=""false"" SemiHidden=""true"" UnhideWhenUsed=""true""
   Name=""Table Elegant""></w:LsdException>
  <w:LsdException Locked=""false"" SemiHidden=""true"" UnhideWhenUsed=""true""
   Name=""Table Professional""></w:LsdException>
  <w:LsdException Locked=""false"" SemiHidden=""true"" UnhideWhenUsed=""true""
   Name=""Table Subtle 1""></w:LsdException>
  <w:LsdException Locked=""false"" SemiHidden=""true"" UnhideWhenUsed=""true""
   Name=""Table Subtle 2""></w:LsdException>
  <w:LsdException Locked=""false"" SemiHidden=""true"" UnhideWhenUsed=""true""
   Name=""Table Web 1""></w:LsdException>
  <w:LsdException Locked=""false"" SemiHidden=""true"" UnhideWhenUsed=""true""
   Name=""Table Web 2""></w:LsdException>
  <w:LsdException Locked=""false"" SemiHidden=""true"" UnhideWhenUsed=""true""
   Name=""Table Web 3""></w:LsdException>
  <w:LsdException Locked=""false"" SemiHidden=""true"" UnhideWhenUsed=""true""
   Name=""Balloon Text""></w:LsdException>
  <w:LsdException Locked=""false"" Priority=""39"" Name=""Table Grid""></w:LsdException>
  <w:LsdException Locked=""false"" SemiHidden=""true"" UnhideWhenUsed=""true""
   Name=""Table Theme""></w:LsdException>
  <w:LsdException Locked=""false"" SemiHidden=""true"" Name=""Placeholder Text""></w:LsdException>
  <w:LsdException Locked=""false"" Priority=""1"" QFormat=""true"" Name=""No Spacing""></w:LsdException>
  <w:LsdException Locked=""false"" Priority=""60"" Name=""Light Shading""></w:LsdException>
  <w:LsdException Locked=""false"" Priority=""61"" Name=""Light List""></w:LsdException>
  <w:LsdException Locked=""false"" Priority=""62"" Name=""Light Grid""></w:LsdException>
  <w:LsdException Locked=""false"" Priority=""63"" Name=""Medium Shading 1""></w:LsdException>
  <w:LsdException Locked=""false"" Priority=""64"" Name=""Medium Shading 2""></w:LsdException>
  <w:LsdException Locked=""false"" Priority=""65"" Name=""Medium List 1""></w:LsdException>
  <w:LsdException Locked=""false"" Priority=""66"" Name=""Medium List 2""></w:LsdException>
  <w:LsdException Locked=""false"" Priority=""67"" Name=""Medium Grid 1""></w:LsdException>
  <w:LsdException Locked=""false"" Priority=""68"" Name=""Medium Grid 2""></w:LsdException>
  <w:LsdException Locked=""false"" Priority=""69"" Name=""Medium Grid 3""></w:LsdException>
  <w:LsdException Locked=""false"" Priority=""70"" Name=""Dark List""></w:LsdException>
  <w:LsdException Locked=""false"" Priority=""71"" Name=""Colorful Shading""></w:LsdException>
  <w:LsdException Locked=""false"" Priority=""72"" Name=""Colorful List""></w:LsdException>
  <w:LsdException Locked=""false"" Priority=""73"" Name=""Colorful Grid""></w:LsdException>
  <w:LsdException Locked=""false"" Priority=""60"" Name=""Light Shading Accent 1""></w:LsdException>
  <w:LsdException Locked=""false"" Priority=""61"" Name=""Light List Accent 1""></w:LsdException>
  <w:LsdException Locked=""false"" Priority=""62"" Name=""Light Grid Accent 1""></w:LsdException>
  <w:LsdException Locked=""false"" Priority=""63"" Name=""Medium Shading 1 Accent 1""></w:LsdException>
  <w:LsdException Locked=""false"" Priority=""64"" Name=""Medium Shading 2 Accent 1""></w:LsdException>
  <w:LsdException Locked=""false"" Priority=""65"" Name=""Medium List 1 Accent 1""></w:LsdException>
  <w:LsdException Locked=""false"" SemiHidden=""true"" Name=""Revision""></w:LsdException>
  <w:LsdException Locked=""false"" Priority=""34"" QFormat=""true""
   Name=""List Paragraph""></w:LsdException>
  <w:LsdException Locked=""false"" Priority=""29"" QFormat=""true"" Name=""Quote""></w:LsdException>
  <w:LsdException Locked=""false"" Priority=""30"" QFormat=""true""
   Name=""Intense Quote""></w:LsdException>
  <w:LsdException Locked=""false"" Priority=""66"" Name=""Medium List 2 Accent 1""></w:LsdException>
  <w:LsdException Locked=""false"" Priority=""67"" Name=""Medium Grid 1 Accent 1""></w:LsdException>
  <w:LsdException Locked=""false"" Priority=""68"" Name=""Medium Grid 2 Accent 1""></w:LsdException>
  <w:LsdException Locked=""false"" Priority=""69"" Name=""Medium Grid 3 Accent 1""></w:LsdException>
  <w:LsdException Locked=""false"" Priority=""70"" Name=""Dark List Accent 1""></w:LsdException>
  <w:LsdException Locked=""false"" Priority=""71"" Name=""Colorful Shading Accent 1""></w:LsdException>
  <w:LsdException Locked=""false"" Priority=""72"" Name=""Colorful List Accent 1""></w:LsdException>
  <w:LsdException Locked=""false"" Priority=""73"" Name=""Colorful Grid Accent 1""></w:LsdException>
  <w:LsdException Locked=""false"" Priority=""60"" Name=""Light Shading Accent 2""></w:LsdException>
  <w:LsdException Locked=""false"" Priority=""61"" Name=""Light List Accent 2""></w:LsdException>
  <w:LsdException Locked=""false"" Priority=""62"" Name=""Light Grid Accent 2""></w:LsdException>
  <w:LsdException Locked=""false"" Priority=""63"" Name=""Medium Shading 1 Accent 2""></w:LsdException>
  <w:LsdException Locked=""false"" Priority=""64"" Name=""Medium Shading 2 Accent 2""></w:LsdException>
  <w:LsdException Locked=""false"" Priority=""65"" Name=""Medium List 1 Accent 2""></w:LsdException>
  <w:LsdException Locked=""false"" Priority=""66"" Name=""Medium List 2 Accent 2""></w:LsdException>
  <w:LsdException Locked=""false"" Priority=""67"" Name=""Medium Grid 1 Accent 2""></w:LsdException>
  <w:LsdException Locked=""false"" Priority=""68"" Name=""Medium Grid 2 Accent 2""></w:LsdException>
  <w:LsdException Locked=""false"" Priority=""69"" Name=""Medium Grid 3 Accent 2""></w:LsdException>
  <w:LsdException Locked=""false"" Priority=""70"" Name=""Dark List Accent 2""></w:LsdException>
  <w:LsdException Locked=""false"" Priority=""71"" Name=""Colorful Shading Accent 2""></w:LsdException>
  <w:LsdException Locked=""false"" Priority=""72"" Name=""Colorful List Accent 2""></w:LsdException>
  <w:LsdException Locked=""false"" Priority=""73"" Name=""Colorful Grid Accent 2""></w:LsdException>
  <w:LsdException Locked=""false"" Priority=""60"" Name=""Light Shading Accent 3""></w:LsdException>
  <w:LsdException Locked=""false"" Priority=""61"" Name=""Light List Accent 3""></w:LsdException>
  <w:LsdException Locked=""false"" Priority=""62"" Name=""Light Grid Accent 3""></w:LsdException>
  <w:LsdException Locked=""false"" Priority=""63"" Name=""Medium Shading 1 Accent 3""></w:LsdException>
  <w:LsdException Locked=""false"" Priority=""64"" Name=""Medium Shading 2 Accent 3""></w:LsdException>
  <w:LsdException Locked=""false"" Priority=""65"" Name=""Medium List 1 Accent 3""></w:LsdException>
  <w:LsdException Locked=""false"" Priority=""66"" Name=""Medium List 2 Accent 3""></w:LsdException>
  <w:LsdException Locked=""false"" Priority=""67"" Name=""Medium Grid 1 Accent 3""></w:LsdException>
  <w:LsdException Locked=""false"" Priority=""68"" Name=""Medium Grid 2 Accent 3""></w:LsdException>
  <w:LsdException Locked=""false"" Priority=""69"" Name=""Medium Grid 3 Accent 3""></w:LsdException>
  <w:LsdException Locked=""false"" Priority=""70"" Name=""Dark List Accent 3""></w:LsdException>
  <w:LsdException Locked=""false"" Priority=""71"" Name=""Colorful Shading Accent 3""></w:LsdException>
  <w:LsdException Locked=""false"" Priority=""72"" Name=""Colorful List Accent 3""></w:LsdException>
  <w:LsdException Locked=""false"" Priority=""73"" Name=""Colorful Grid Accent 3""></w:LsdException>
  <w:LsdException Locked=""false"" Priority=""60"" Name=""Light Shading Accent 4""></w:LsdException>
  <w:LsdException Locked=""false"" Priority=""61"" Name=""Light List Accent 4""></w:LsdException>
  <w:LsdException Locked=""false"" Priority=""62"" Name=""Light Grid Accent 4""></w:LsdException>
  <w:LsdException Locked=""false"" Priority=""63"" Name=""Medium Shading 1 Accent 4""></w:LsdException>
  <w:LsdException Locked=""false"" Priority=""64"" Name=""Medium Shading 2 Accent 4""></w:LsdException>
  <w:LsdException Locked=""false"" Priority=""65"" Name=""Medium List 1 Accent 4""></w:LsdException>
  <w:LsdException Locked=""false"" Priority=""66"" Name=""Medium List 2 Accent 4""></w:LsdException>
  <w:LsdException Locked=""false"" Priority=""67"" Name=""Medium Grid 1 Accent 4""></w:LsdException>
  <w:LsdException Locked=""false"" Priority=""68"" Name=""Medium Grid 2 Accent 4""></w:LsdException>
  <w:LsdException Locked=""false"" Priority=""69"" Name=""Medium Grid 3 Accent 4""></w:LsdException>
  <w:LsdException Locked=""false"" Priority=""70"" Name=""Dark List Accent 4""></w:LsdException>
  <w:LsdException Locked=""false"" Priority=""71"" Name=""Colorful Shading Accent 4""></w:LsdException>
  <w:LsdException Locked=""false"" Priority=""72"" Name=""Colorful List Accent 4""></w:LsdException>
  <w:LsdException Locked=""false"" Priority=""73"" Name=""Colorful Grid Accent 4""></w:LsdException>
  <w:LsdException Locked=""false"" Priority=""60"" Name=""Light Shading Accent 5""></w:LsdException>
  <w:LsdException Locked=""false"" Priority=""61"" Name=""Light List Accent 5""></w:LsdException>
  <w:LsdException Locked=""false"" Priority=""62"" Name=""Light Grid Accent 5""></w:LsdException>
  <w:LsdException Locked=""false"" Priority=""63"" Name=""Medium Shading 1 Accent 5""></w:LsdException>
  <w:LsdException Locked=""false"" Priority=""64"" Name=""Medium Shading 2 Accent 5""></w:LsdException>
  <w:LsdException Locked=""false"" Priority=""65"" Name=""Medium List 1 Accent 5""></w:LsdException>
  <w:LsdException Locked=""false"" Priority=""66"" Name=""Medium List 2 Accent 5""></w:LsdException>
  <w:LsdException Locked=""false"" Priority=""67"" Name=""Medium Grid 1 Accent 5""></w:LsdException>
  <w:LsdException Locked=""false"" Priority=""68"" Name=""Medium Grid 2 Accent 5""></w:LsdException>
  <w:LsdException Locked=""false"" Priority=""69"" Name=""Medium Grid 3 Accent 5""></w:LsdException>
  <w:LsdException Locked=""false"" Priority=""70"" Name=""Dark List Accent 5""></w:LsdException>
  <w:LsdException Locked=""false"" Priority=""71"" Name=""Colorful Shading Accent 5""></w:LsdException>
  <w:LsdException Locked=""false"" Priority=""72"" Name=""Colorful List Accent 5""></w:LsdException>
  <w:LsdException Locked=""false"" Priority=""73"" Name=""Colorful Grid Accent 5""></w:LsdException>
  <w:LsdException Locked=""false"" Priority=""60"" Name=""Light Shading Accent 6""></w:LsdException>
  <w:LsdException Locked=""false"" Priority=""61"" Name=""Light List Accent 6""></w:LsdException>
  <w:LsdException Locked=""false"" Priority=""62"" Name=""Light Grid Accent 6""></w:LsdException>
  <w:LsdException Locked=""false"" Priority=""63"" Name=""Medium Shading 1 Accent 6""></w:LsdException>
  <w:LsdException Locked=""false"" Priority=""64"" Name=""Medium Shading 2 Accent 6""></w:LsdException>
  <w:LsdException Locked=""false"" Priority=""65"" Name=""Medium List 1 Accent 6""></w:LsdException>
  <w:LsdException Locked=""false"" Priority=""66"" Name=""Medium List 2 Accent 6""></w:LsdException>
  <w:LsdException Locked=""false"" Priority=""67"" Name=""Medium Grid 1 Accent 6""></w:LsdException>
  <w:LsdException Locked=""false"" Priority=""68"" Name=""Medium Grid 2 Accent 6""></w:LsdException>
  <w:LsdException Locked=""false"" Priority=""69"" Name=""Medium Grid 3 Accent 6""></w:LsdException>
  <w:LsdException Locked=""false"" Priority=""70"" Name=""Dark List Accent 6""></w:LsdException>
  <w:LsdException Locked=""false"" Priority=""71"" Name=""Colorful Shading Accent 6""></w:LsdException>
  <w:LsdException Locked=""false"" Priority=""72"" Name=""Colorful List Accent 6""></w:LsdException>
  <w:LsdException Locked=""false"" Priority=""73"" Name=""Colorful Grid Accent 6""></w:LsdException>
  <w:LsdException Locked=""false"" Priority=""19"" QFormat=""true""
   Name=""Subtle Emphasis""></w:LsdException>
  <w:LsdException Locked=""false"" Priority=""21"" QFormat=""true""
   Name=""Intense Emphasis""></w:LsdException>
  <w:LsdException Locked=""false"" Priority=""31"" QFormat=""true""
   Name=""Subtle Reference""></w:LsdException>
  <w:LsdException Locked=""false"" Priority=""32"" QFormat=""true""
   Name=""Intense Reference""></w:LsdException>
  <w:LsdException Locked=""false"" Priority=""33"" QFormat=""true"" Name=""Book Title""></w:LsdException>
  <w:LsdException Locked=""false"" Priority=""37"" SemiHidden=""true""
   UnhideWhenUsed=""true"" Name=""Bibliography""></w:LsdException>
  <w:LsdException Locked=""false"" Priority=""39"" SemiHidden=""true""
   UnhideWhenUsed=""true"" QFormat=""true"" Name=""TOC Heading""></w:LsdException>
  <w:LsdException Locked=""false"" Priority=""41"" Name=""Plain Table 1""></w:LsdException>
  <w:LsdException Locked=""false"" Priority=""42"" Name=""Plain Table 2""></w:LsdException>
  <w:LsdException Locked=""false"" Priority=""43"" Name=""Plain Table 3""></w:LsdException>
  <w:LsdException Locked=""false"" Priority=""44"" Name=""Plain Table 4""></w:LsdException>
  <w:LsdException Locked=""false"" Priority=""45"" Name=""Plain Table 5""></w:LsdException>
  <w:LsdException Locked=""false"" Priority=""40"" Name=""Grid Table Light""></w:LsdException>
  <w:LsdException Locked=""false"" Priority=""46"" Name=""Grid Table 1 Light""></w:LsdException>
  <w:LsdException Locked=""false"" Priority=""47"" Name=""Grid Table 2""></w:LsdException>
  <w:LsdException Locked=""false"" Priority=""48"" Name=""Grid Table 3""></w:LsdException>
  <w:LsdException Locked=""false"" Priority=""49"" Name=""Grid Table 4""></w:LsdException>
  <w:LsdException Locked=""false"" Priority=""50"" Name=""Grid Table 5 Dark""></w:LsdException>
  <w:LsdException Locked=""false"" Priority=""51"" Name=""Grid Table 6 Colorful""></w:LsdException>
  <w:LsdException Locked=""false"" Priority=""52"" Name=""Grid Table 7 Colorful""></w:LsdException>
  <w:LsdException Locked=""false"" Priority=""46""
   Name=""Grid Table 1 Light Accent 1""></w:LsdException>
  <w:LsdException Locked=""false"" Priority=""47"" Name=""Grid Table 2 Accent 1""></w:LsdException>
  <w:LsdException Locked=""false"" Priority=""48"" Name=""Grid Table 3 Accent 1""></w:LsdException>
  <w:LsdException Locked=""false"" Priority=""49"" Name=""Grid Table 4 Accent 1""></w:LsdException>
  <w:LsdException Locked=""false"" Priority=""50"" Name=""Grid Table 5 Dark Accent 1""></w:LsdException>
  <w:LsdException Locked=""false"" Priority=""51""
   Name=""Grid Table 6 Colorful Accent 1""></w:LsdException>
  <w:LsdException Locked=""false"" Priority=""52""
   Name=""Grid Table 7 Colorful Accent 1""></w:LsdException>
  <w:LsdException Locked=""false"" Priority=""46""
   Name=""Grid Table 1 Light Accent 2""></w:LsdException>
  <w:LsdException Locked=""false"" Priority=""47"" Name=""Grid Table 2 Accent 2""></w:LsdException>
  <w:LsdException Locked=""false"" Priority=""48"" Name=""Grid Table 3 Accent 2""></w:LsdException>
  <w:LsdException Locked=""false"" Priority=""49"" Name=""Grid Table 4 Accent 2""></w:LsdException>
  <w:LsdException Locked=""false"" Priority=""50"" Name=""Grid Table 5 Dark Accent 2""></w:LsdException>
  <w:LsdException Locked=""false"" Priority=""51""
   Name=""Grid Table 6 Colorful Accent 2""></w:LsdException>
  <w:LsdException Locked=""false"" Priority=""52""
   Name=""Grid Table 7 Colorful Accent 2""></w:LsdException>
  <w:LsdException Locked=""false"" Priority=""46""
   Name=""Grid Table 1 Light Accent 3""></w:LsdException>
  <w:LsdException Locked=""false"" Priority=""47"" Name=""Grid Table 2 Accent 3""></w:LsdException>
  <w:LsdException Locked=""false"" Priority=""48"" Name=""Grid Table 3 Accent 3""></w:LsdException>
  <w:LsdException Locked=""false"" Priority=""49"" Name=""Grid Table 4 Accent 3""></w:LsdException>
  <w:LsdException Locked=""false"" Priority=""50"" Name=""Grid Table 5 Dark Accent 3""></w:LsdException>
  <w:LsdException Locked=""false"" Priority=""51""
   Name=""Grid Table 6 Colorful Accent 3""></w:LsdException>
  <w:LsdException Locked=""false"" Priority=""52""
   Name=""Grid Table 7 Colorful Accent 3""></w:LsdException>
  <w:LsdException Locked=""false"" Priority=""46""
   Name=""Grid Table 1 Light Accent 4""></w:LsdException>
  <w:LsdException Locked=""false"" Priority=""47"" Name=""Grid Table 2 Accent 4""></w:LsdException>
  <w:LsdException Locked=""false"" Priority=""48"" Name=""Grid Table 3 Accent 4""></w:LsdException>
  <w:LsdException Locked=""false"" Priority=""49"" Name=""Grid Table 4 Accent 4""></w:LsdException>
  <w:LsdException Locked=""false"" Priority=""50"" Name=""Grid Table 5 Dark Accent 4""></w:LsdException>
  <w:LsdException Locked=""false"" Priority=""51""
   Name=""Grid Table 6 Colorful Accent 4""></w:LsdException>
  <w:LsdException Locked=""false"" Priority=""52""
   Name=""Grid Table 7 Colorful Accent 4""></w:LsdException>
  <w:LsdException Locked=""false"" Priority=""46""
   Name=""Grid Table 1 Light Accent 5""></w:LsdException>
  <w:LsdException Locked=""false"" Priority=""47"" Name=""Grid Table 2 Accent 5""></w:LsdException>
  <w:LsdException Locked=""false"" Priority=""48"" Name=""Grid Table 3 Accent 5""></w:LsdException>
  <w:LsdException Locked=""false"" Priority=""49"" Name=""Grid Table 4 Accent 5""></w:LsdException>
  <w:LsdException Locked=""false"" Priority=""50"" Name=""Grid Table 5 Dark Accent 5""></w:LsdException>
  <w:LsdException Locked=""false"" Priority=""51""
   Name=""Grid Table 6 Colorful Accent 5""></w:LsdException>
  <w:LsdException Locked=""false"" Priority=""52""
   Name=""Grid Table 7 Colorful Accent 5""></w:LsdException>
  <w:LsdException Locked=""false"" Priority=""46""
   Name=""Grid Table 1 Light Accent 6""></w:LsdException>
  <w:LsdException Locked=""false"" Priority=""47"" Name=""Grid Table 2 Accent 6""></w:LsdException>
  <w:LsdException Locked=""false"" Priority=""48"" Name=""Grid Table 3 Accent 6""></w:LsdException>
  <w:LsdException Locked=""false"" Priority=""49"" Name=""Grid Table 4 Accent 6""></w:LsdException>
  <w:LsdException Locked=""false"" Priority=""50"" Name=""Grid Table 5 Dark Accent 6""></w:LsdException>
  <w:LsdException Locked=""false"" Priority=""51""
   Name=""Grid Table 6 Colorful Accent 6""></w:LsdException>
  <w:LsdException Locked=""false"" Priority=""52""
   Name=""Grid Table 7 Colorful Accent 6""></w:LsdException>
  <w:LsdException Locked=""false"" Priority=""46"" Name=""List Table 1 Light""></w:LsdException>
  <w:LsdException Locked=""false"" Priority=""47"" Name=""List Table 2""></w:LsdException>
  <w:LsdException Locked=""false"" Priority=""48"" Name=""List Table 3""></w:LsdException>
  <w:LsdException Locked=""false"" Priority=""49"" Name=""List Table 4""></w:LsdException>
  <w:LsdException Locked=""false"" Priority=""50"" Name=""List Table 5 Dark""></w:LsdException>
  <w:LsdException Locked=""false"" Priority=""51"" Name=""List Table 6 Colorful""></w:LsdException>
  <w:LsdException Locked=""false"" Priority=""52"" Name=""List Table 7 Colorful""></w:LsdException>
  <w:LsdException Locked=""false"" Priority=""46""
   Name=""List Table 1 Light Accent 1""></w:LsdException>
  <w:LsdException Locked=""false"" Priority=""47"" Name=""List Table 2 Accent 1""></w:LsdException>
  <w:LsdException Locked=""false"" Priority=""48"" Name=""List Table 3 Accent 1""></w:LsdException>
  <w:LsdException Locked=""false"" Priority=""49"" Name=""List Table 4 Accent 1""></w:LsdException>
  <w:LsdException Locked=""false"" Priority=""50"" Name=""List Table 5 Dark Accent 1""></w:LsdException>
  <w:LsdException Locked=""false"" Priority=""51""
   Name=""List Table 6 Colorful Accent 1""></w:LsdException>
  <w:LsdException Locked=""false"" Priority=""52""
   Name=""List Table 7 Colorful Accent 1""></w:LsdException>
  <w:LsdException Locked=""false"" Priority=""46""
   Name=""List Table 1 Light Accent 2""></w:LsdException>
  <w:LsdException Locked=""false"" Priority=""47"" Name=""List Table 2 Accent 2""></w:LsdException>
  <w:LsdException Locked=""false"" Priority=""48"" Name=""List Table 3 Accent 2""></w:LsdException>
  <w:LsdException Locked=""false"" Priority=""49"" Name=""List Table 4 Accent 2""></w:LsdException>
  <w:LsdException Locked=""false"" Priority=""50"" Name=""List Table 5 Dark Accent 2""></w:LsdException>
  <w:LsdException Locked=""false"" Priority=""51""
   Name=""List Table 6 Colorful Accent 2""></w:LsdException>
  <w:LsdException Locked=""false"" Priority=""52""
   Name=""List Table 7 Colorful Accent 2""></w:LsdException>
  <w:LsdException Locked=""false"" Priority=""46""
   Name=""List Table 1 Light Accent 3""></w:LsdException>
  <w:LsdException Locked=""false"" Priority=""47"" Name=""List Table 2 Accent 3""></w:LsdException>
  <w:LsdException Locked=""false"" Priority=""48"" Name=""List Table 3 Accent 3""></w:LsdException>
  <w:LsdException Locked=""false"" Priority=""49"" Name=""List Table 4 Accent 3""></w:LsdException>
  <w:LsdException Locked=""false"" Priority=""50"" Name=""List Table 5 Dark Accent 3""></w:LsdException>
  <w:LsdException Locked=""false"" Priority=""51""
   Name=""List Table 6 Colorful Accent 3""></w:LsdException>
  <w:LsdException Locked=""false"" Priority=""52""
   Name=""List Table 7 Colorful Accent 3""></w:LsdException>
  <w:LsdException Locked=""false"" Priority=""46""
   Name=""List Table 1 Light Accent 4""></w:LsdException>
  <w:LsdException Locked=""false"" Priority=""47"" Name=""List Table 2 Accent 4""></w:LsdException>
  <w:LsdException Locked=""false"" Priority=""48"" Name=""List Table 3 Accent 4""></w:LsdException>
  <w:LsdException Locked=""false"" Priority=""49"" Name=""List Table 4 Accent 4""></w:LsdException>
  <w:LsdException Locked=""false"" Priority=""50"" Name=""List Table 5 Dark Accent 4""></w:LsdException>
  <w:LsdException Locked=""false"" Priority=""51""
   Name=""List Table 6 Colorful Accent 4""></w:LsdException>
  <w:LsdException Locked=""false"" Priority=""52""
   Name=""List Table 7 Colorful Accent 4""></w:LsdException>
  <w:LsdException Locked=""false"" Priority=""46""
   Name=""List Table 1 Light Accent 5""></w:LsdException>
  <w:LsdException Locked=""false"" Priority=""47"" Name=""List Table 2 Accent 5""></w:LsdException>
  <w:LsdException Locked=""false"" Priority=""48"" Name=""List Table 3 Accent 5""></w:LsdException>
  <w:LsdException Locked=""false"" Priority=""49"" Name=""List Table 4 Accent 5""></w:LsdException>
  <w:LsdException Locked=""false"" Priority=""50"" Name=""List Table 5 Dark Accent 5""></w:LsdException>
  <w:LsdException Locked=""false"" Priority=""51""
   Name=""List Table 6 Colorful Accent 5""></w:LsdException>
  <w:LsdException Locked=""false"" Priority=""52""
   Name=""List Table 7 Colorful Accent 5""></w:LsdException>
  <w:LsdException Locked=""false"" Priority=""46""
   Name=""List Table 1 Light Accent 6""></w:LsdException>
  <w:LsdException Locked=""false"" Priority=""47"" Name=""List Table 2 Accent 6""></w:LsdException>
  <w:LsdException Locked=""false"" Priority=""48"" Name=""List Table 3 Accent 6""></w:LsdException>
  <w:LsdException Locked=""false"" Priority=""49"" Name=""List Table 4 Accent 6""></w:LsdException>
  <w:LsdException Locked=""false"" Priority=""50"" Name=""List Table 5 Dark Accent 6""></w:LsdException>
  <w:LsdException Locked=""false"" Priority=""51""
   Name=""List Table 6 Colorful Accent 6""></w:LsdException>
  <w:LsdException Locked=""false"" Priority=""52""
   Name=""List Table 7 Colorful Accent 6""></w:LsdException>
 </w:LatentStyles>
</xml><![endif]--><!--[if gte mso 10]>
<style>
 /* Style Definitions */
 table.MsoNormalTable
	{mso-style-name:""Normal Tablo"";
	mso-tstyle-rowband-size:0;
	mso-tstyle-colband-size:0;
	mso-style-noshow:yes;
	mso-style-priority:99;
	mso-style-parent:"""";
	mso-padding-alt:0cm 5.4pt 0cm 5.4pt;
	mso-para-margin-top:0cm;
	mso-para-margin-right:0cm;
	mso-para-margin-bottom:8.0pt;
	mso-para-margin-left:0cm;
	line-height:107%;
	mso-pagination:widow-orphan;
	font-size:11.0pt;
	font-family:""Calibri"",sans-serif;
	mso-ascii-font-family:Calibri;
	mso-ascii-theme-font:minor-latin;
	mso-hansi-font-family:Calibri;
	mso-hansi-theme-font:minor-latin;
	mso-ansi-language:EN-US;
	mso-fareast-language:EN-US;}
</style>
<![endif]-->

<span style=""font-size:
12.0pt;line-height:150%;font-family:&quot;Times New Roman&quot;,serif;mso-ascii-theme-font:
major-bidi;mso-hansi-theme-font:major-bidi;mso-bidi-theme-font:major-bidi;
mso-ansi-language:TR"">İslam Dini ile ilgili ilimler içinde önemli bir yer tutan
Fıkıh Usûlü, İslam Dininin ana kaynakları olan Kur’an ve Hadis/Sünnet’in <span style=""color:black;mso-themecolor:text1"">doğru bir şekilde anlaşılması ve
yorumlanması için de önemli bir görev ifa etmektedir</span>. Bu bağlamda <span style=""color:black;mso-themecolor:text1"">ilk dönemlerden itibaren usûl ve fıkıh
ilmiyle uğraşan Hanefî âlimler, Hadis/Sünnetle ilgili temel meseleleri ele alan
müstakil eserler kaleme almamış olsalar da hem hadisleri anlama ve yorumlamaya
yönelik önemli çalışmalar yapmışlar hem de </span><span style=""background:white"">hadisle
ilgili meselelere yoğun bir şekilde katılmışlardır. Özellikle </span><span style=""color:black;background:#FDFDFD"">fıkıh usûlü </span><span style=""background:white"">tarzında yazdıkları eserlerde “ahbar” ve “sünnet”
adlarıyla müstakil başlıklar altında hadis ve sünnete yönelik açıklamalarda
bulunmuşlardır. Usûl alimleri, ilgili konular hakkında açıklamalar yaparken hem
kendi mezhebine mensup bazı alimlerin görüşlerini hem de diğer mezheplerin
ilgili konular hakkındaki görüşlerini tenkit etmekte fakat daha çok kendi
mezheplerinin görüşlerini yansıtmaktadırlar. Biz de bu makalemizde </span><span style=""color:black;background:#FDFDFD"">Karahanlılar devri </span></span><span style=""font-size:12.0pt;line-height:150%;font-family:&quot;Times New Roman&quot;,serif;
mso-ascii-theme-font:major-bidi;mso-fareast-font-family:TimesNewRomanPSMT;
mso-hansi-theme-font:major-bidi;mso-bidi-theme-font:major-bidi;mso-ansi-language:
TR"">Hanefi mezhebinin, özellikle mezhep içinde klasik Hanefî usûl ve fürû
geleneğinden farklı görüş ve yaklaşımlara sahip olan, Mâverâünnehir Semerkant
okulunun en büyük otoritelerinden biri kabul edilen Semerkandî’nin, </span><i><span style=""font-size:12.0pt;line-height:150%;font-family:&quot;Times New Roman&quot;,serif;
mso-ascii-theme-font:major-bidi;mso-hansi-theme-font:major-bidi;mso-bidi-theme-font:
major-bidi;mso-ansi-language:TR"">Mîzânü’l-Usûl fî Netâici’l-‘Ukûl</span></i><span style=""font-size:12.0pt;line-height:150%;font-family:&quot;Times New Roman&quot;,serif;
mso-ascii-theme-font:major-bidi;mso-hansi-theme-font:major-bidi;mso-bidi-theme-font:
major-bidi;mso-ansi-language:TR""> adlı eserindeki bazı Hadis/Sünnet meselelerine
yaklaşımını irdeleyeceğiz.<span style=""color:black;mso-themecolor:text1""></span></span></p><p>

<br></p>",,,,"Araştırma Makalesi",2017-10-08,2017-12-13,,
11044,"CEMÂLEDDÎN KONEVÎ VE KİTÂBU'L-İ'CÂZ Fİ'L-İ'TİRÂZ 'ALÂ'L-EDİLLETİ'Ş-ŞER'İYYE ADLI RİSALESİ",,"Ahmet Furat","Ahmet Furat",,,,"Journal of Istanbul University Faculty of Theology",1303-5746,,"İstanbul Üniversitesi",2012,0,16,275-299,"Cemâleddin Konevî, VIII./XIV. asırda yetişmiş bir Hanefî fakîhidir. Bu makalede
 öncelikle onun hayatı ve eserleri hakkında bilgi verilmiştir. Daha sonra onun usul-i fıkıh
 alanındaki Kitabu'I-îcaz fi İtiraz ale'l-Edilleti'ş-Şer'iyye isimli eseri tanıtılmış ve metin olarak
 neşredilmiştir.",,,tr,,2012-04-19,,,
1010420,"Klasik ve Modern Dönemde Yazılmış İki Usûlün (Mir'âtü'l-Uṣûl ile Uṣûlü’l-Fıkh) Mukayesesi",10.51450/ilmiyat.1010420,"Hilal Özay (Tokat Gaziosmanpaşa Üniversitesi İslami İlimler Fakültesi); Hatice Esra Can (TOKAT GAZİOSMANPAŞA ÜNİVERSİTESİ)","Hilal Özay | ORCID: 0000-0001-6412-4430 | Tokat Gaziosmanpaşa Üniversitesi İslami İlimler Fakültesi | Tokat Gaziosmanpaşa Üniversitesi İslami İlimler Fakültesi; Hatice Esra Can | TOKAT GAZİOSMANPAŞA ÜNİVERSİTESİ | TOKAT GAZİOSMANPAŞA ÜNİVERSİTESİ",,,"İslam Hukuku,Molla Hüsrev,Zekiyyüddîn Şa‘bân,Mir’âtü’l-usûl,Usûlü’l-fıkh,Şer‘î Deliller","Tokat İlmiyat Dergisi",,2717-610X,"Tokat Gaziosmanpaşa Üniversitesi",2021,9,2,465-485,"Fıkhın kaynaklarını ve temellerini, bunlardan hüküm çıkarma yöntemlerini konu alan fıkıh usulü ilmi ilk defa Müslümanlar tarafından oluşturulmuş ve geliştirilmiş özgün bir ilim dalıdır. Bu ilme dair günümüze kadar pek çok eser kaleme alınmıştır. Bu eserlerden birisi klasik fıkıh usûlünün derinliğini ve özelliklerini yansıtan, kendisinden sonraki fıkıh usûlü eserlerine ışık tutan ve Osmanlı medreselerinde uzun süre ders kitabı olarak okutulan Molla Hüsrev’in Mirʾâtü’l-uṣûl fî şerḥi Mirḳāti’l-vüṣûl adlı eseridir. Diğeri de modern dönemi temsilen, bu dönemin etkili fıkıh usûlü metinlerinden olan, halen günümüz eğitim kurumlarında ders kitabı olarak okutulan ve usûl ile ilgili yapılan çalışmalarda çokça atıf yapılan Zekiyyüddîn Şa‘bân’ın Usûlü’l-fıkhi’l İslâmî  adlı eseridir. Bu makalede bu iki eserin şer‘î delilleri konu alan bölümleri içerik, üslup ve yöntem açısından karşılaştırılmıştır. Kendi dönemlerinin genel özelliklerini taşıyan iki eser aynı zamanda kendilerinden önceki zengin müktesebâtı özetlemek suretiyle kendilerinden sonraki eserlere de kaynaklık etmişlerdir. Klasik ve modern dönemleri temsil eden bu eserlerin şer‘î delillerden oluşan bölümleri esas alınmıştır. <br />Mir’âtü’l usûl’ün müellifi Molla Hüsrev 15. Yüzyılda yaşamış, fıkıh ve fıkıh usulüne dair kıymetli eserler ortaya koymuş bir İslam hukuk âlimidir. Mirkâtü’l-vüsûl ve onun şerhi olan Mir’âtü’l-usûl onun fıkıh usulüne dair görüşlerinin anlaşılmasında belirleyici bir öneme sahip olmuştur. Bu eserleriyle klasik fıkıh usulünün önemli bir temsilcisi haline gelmiştir. Mir’âtü’l usûl gerek sistematik yapısı gerek sade ve anlaşılır bir Arapça ile yazılmış olması, hazırlanışında birçok usul ve füru eserinin kaynaklık etmiş olması açısından haklı bir şöhrete sahip olmuş ve fıkıh usulü tarihi açısından da önemli bir yer tutmuştur. Konuların tasnifi ve usul anlayışı açısından Hanefî usulüne (fukaha metodu) göre telif edilmiştir. Ama belli yönlerden de memzûc metodun özelliklerini taşımıştır. Sonraki dönem Hanefî usul eserlerinde olduğu gibi usulün furû‘a tatbikini esas almıştır. Konular Hanefi ve Şafii mezhepleri ekseninde soru cevap şeklinde ele alınmış ve Hanefî mezhebi tarafından kabul edilen görüşle sonlandırılmıştır. Aynı şekilde Hanefî mezhebinin kendi içerisindeki ihtilaflara da yer verilmiş fakat Ebû Hanife’nin görüşü tercih edilmiştir. Modern dönemi temsil eden Usûlü’l fıkhi’l İslami adlı eserin sahibi Zekiyyüddin Şa‘bân da  Molla Hüsrev gibi fıkıh ve fıkıh usulü alanında pek çok eser kaleme almıştır. Klasik dönem fıkıh usulü eserlerinin dil, üslup ve metot açısından taşıdığı zorlukları dikkate almış, eserinde usul konularını kolay bir uslupla ve bol örnekle açıklamayı gaye edinmiştir. Konular madde madde, nedenleri ve sonuçları ile birlikte sistematik bir şekilde ele alınmıştır. Yazar konuları dört mezhebin görüşleri çerçevesinde değerlendirmiş, sonunda tercih edilmesi gereken görüşe ve niçin tercih edilmesi gerektiğine dair delillere yer vermiştir. Herhangi bir mezhebin görüşüne öncelik vermemiştir.<br />Molla Hüsrev şer’î delilleri Kitab, sünnet, icmâ ve kıyas olmak üzere dört ile sınırlandırmış, şer’u men kablenâyı Kitab ve sünnet kapsamında, sahabî kavlini sünnet, örfü de icmâ içerisinde değerlendirmiştir. İstihsan konusunu da kıyas konusu içerisinde ele almıştır. Diğer delillerin de bu dört delilden biriyle amel etmek olduğunu ifade etmiştir. Delilleri Hanefi mezhebine göre fâsid ve fâsid olmayan deliller şeklinde bir ayrıma tabi tutmuştur.<br />Zekiyyüddîn Şa‘bân şer’î delilleri bilginlerin hüccet kabul edip etmemeleri noktasından değerlendirmiş ve üzerinde ittifak edilen ve ihtilaf edilen deliller olarak sınıflandırmıştır. Kitab, sünnet, icmâ ve kıyas üzerinde ittifak edilen delillerdir. İhtilaflı deliller ise mesâlih-i mürsele, istihsan, istıshâb, örf, şer’u men kablenâ, seddi zerâi ve sahabî kavlidir. İstishabın şer’î deliller içerisinde en son başvurulacak delil olduğuna işaret etmiştir. Her iki eserde de usul kavramlarının tarifinde ve usul kaidelerinin izah edilmesinde pek çok örnek kullanılmıştır. Bu örneklerden bazılarının her iki eserde aynı konularda verildiği görülmüştür. <br />",,"Din Araştırmaları",tr,"Araştırma Makalesi",2021-10-15,2021-12-21,,
881500,"Osmanlı Hukûk-ı Âile Kararnâmesi’nde Hanefî Mezhebinin Görüşü Dışında Kanunlaştırılan Fıkhî Görüşler Ve Analizi",10.34085/buifd.881500,"Rifat Yıldız (MUŞ ALPARSLAN ÜNİVERSİTESİ, İSLAMİ İLİMLER FAKÜLTESİ)","Rifat Yıldız | ORCID: 0000-0002-3126-7854 | MUŞ ALPARSLAN ÜNİVERSİTESİ, İSLAMİ İLİMLER FAKÜLTESİ | MUŞ ALPARSLAN ÜNİVERSİTESİ, İSLAMİ İLİMLER FAKÜLTESİ",,,"İslam Hukuku,Aile Hukuku,Kararnâme,Nikâh,Talâk","Bingöl Üniversitesi İlahiyat Fakültesi Dergisi",,2687-5128,"Bingol University",2021,-,17,214-232,"Osmanlı Devleti, Hanefî mezhebinin görüşlerini uygulama konusunda uzun süre ısrarcı olmuştur. İlk dönemlerinden itibaren Osmanlı Devleti, genelde Hanefî mezhebinin görüşlerini ihtiva eden muteber fıkıh ve fetva kitaplarını yasama ve hukuk işlerinde kullanmıştır. Bu nedenle diğer mezheplerin görüşlerine mümkün mertebe müracaat edilmemiştir. Hukûk-ı Âile Kararnâmesinde yüzyıllarca tavizsiz bir şekilde uygulanan Hanefî mezhebinin bazı görüşlerinden vazgeçilip diğer Sünni mezheplerin görüşleri kanunlaştırılmıştır. Bu nedenle Hukûk-ı Âile Kararnâmesinde Hanefî mezhebinin görüşleri dışında kanunlaştırılan fıkhî görüşlerin tespiti ve düzenlemenin yapılış gerekçelerinin tespiti önem arz etmektedir. Bundan dolayı kanun çıkarılırken Hanefî mezhebi dışında yararlanılan görüşleri tespit etmek ve bu görüşlerin kabulüne yol açan etkenleri irdelemek benzeri çalışmalar için yol gösterici olacaktır. Bu nedenle Osmanlı Devleti’nin son dönemlerinde yapılan hukukî çalışmaların bu açıdan değerlendirilmesi oldukça mühimdir. Bu çalışmada Osmanlı Hukûk-ı Âile Kararnâmesi hakkında bilgi verilecek, Hanefî mezhebinin görüşleri dışında kanunlaştırılan diğer mezheplerin görüşleri tespit edilerek bu görüşlerin tercih edilme nedenleri analiz edilecektir. Öncelikli olarak Hukûk-ı Âile Kararnâmesi’nden istifade edilecek, konuyla ilgili diğer çalışmalardan da yararlanılacaktır. Daha sonra çalışma sonucunda elde edilen tespitler ifade edilecektir.",,"Din Araştırmaları",tr,"Araştırma Makalesi",2021-02-16,2021-05-17,Yok,yok
1740585,"Ta‘lîlden Fıkhî Teorinin Oluşumuna: Debûsî'nin el-Esrâr Adlı Eseri Üzerine Bir Okuma",10.26570/isad.1740585,"Muhammed Şahin (Eberhard Karls University of Tübingen)","Muhammed Şahin | ORCID: 0000-0003-1224-8516 | Eberhard Karls University of Tübingen | Eberhard Karls University of Tübingen",,,"İslam hukuku,Hanefî mezhebi,Fıkıh teorisi,Fıkıh felsefesi,Debûsî,el-Esrâr,Ta‘lîl,Makāsıd,Hak,Milk,Hukuk","İslam Araştırmaları Dergisi",1301-3289,2822-2903,"Türkiye Diyanet Vakfı İslam Araştırmaları Merkezi",2026,,55,267-301,"Bu çalışma Debûsî’nin (ö. 430/1039) el-Esrâr adlı eserindeki ta‘lîl sistemini analiz ederek onun Hanefî mezhebindeki geleneksel ta‘lîl tarzını aşan bir yaklaşım sunduğunu ortaya koymaktadır. Debûsî fıkhî hükümleri yalnızca cüz’î illetlerle gerekçelendirmekle yetinmemiş; fıkıh, kelam ve felsefe gibi diğer ilimleri bir araya getirerek fer‘î hükümlerin ta‘lîlinde genişletilmiş bir model kullanmıştır. Bu yolla Debûsî erken dönem itibariyle “fıkıh felsefesi” olarak adlandırılabilecek bir düşünce zeminini inşa etmiştir.
Çalışma, bu çok boyutlu ta‘lîl anlayışının, işlevsel gerekçelendirmenin ötesine geçerek bütüncül teorik yapılar inşa etmede nasıl etkili olduğunu ortaya koymaktadır. Bu yapılardan biri olan “hak teorisi” ve onun kısımları, Debûsî’ye göre diğer teorilerin inşasında bir çıkış noktası işlevi görmektedir. Ayrıca çalışma, bu kavramların gelişimini, cüz’îden küllîye uzanan katmanlı bir anlam süreci içinde izlemekte ve bu sürecin yeniden cüz’î olanı etkileyecek biçimde döngüsel bir yapı arzettiğini göstermektedir.
el-Esrâr’da kullanılan terimlerin ve ta‘lîl kalıplarının analizi üzerinden, Debûsî’ye göre makāsıdın nihaî amaçlar olmadığı; bilakis ta‘lîl ile felsefe arasında geçiş sağlayan bir halka teşkil ettiği anlaşılmaktadır. Bu geçiş, fıkıh nazariyesinin aklî ilimlerle bütünleşik bir yapı olarak inşasına zemin hazırlamaktadır. Araştırma, bu yöntemin Debûsî’yi Hanefî fıkıh düşüncesinin kurumsallaşma tarihinde ileri bir konuma yerleştirdiğini; geleneksel hilaf literatürünün ötesine geçerek fer‘î hükümlerin teorik temellendirilmesinde birleşik bir nazarî modelin önünü açtığını ortaya koymaktadır.",,"İslam Hukuku",ar,"Araştırma Makalesi",2025-07-11,2025-09-08,,
1558543,"İmâm-ı Rabbânî’de Hanefîlik Düşüncesi ve Ebû Hanîfe Savunusu",10.29288/ilted.1558543,"İskender Karayiğit (GÜMÜŞHANE ÜNİVERSİTESİ); Fetullah Yılmaz (Ankara Üniversitesi İlahiyat Fakültesi)","İskender Karayiğit | ORCID: 0000-0003-2595-206X | GÜMÜŞHANE ÜNİVERSİTESİ | GÜMÜŞHANE ÜNİVERSİTESİ; Fetullah Yılmaz | ORCID: 0000-0002-2348-9537 | Ankara Üniversitesi İlahiyat Fakültesi | Ankara Üniversitesi İlahiyat Fakültesi",,,"İslâm Hukuku,Tasavvuf,Hanefîlik,Ebû Hanîfe,İmâm-ı Rabbânî.,Mektûbât","İlahiyat Tetkikleri Dergisi",2458-7508,2602-3946,"Atatürk Üniversitesi",2025,,63,84-97,"İslâm tarihinde daha çok tasavvufi kimliği ile öne çıkan ve tarikat şeyhi olarak tanınan İmâm-ı Rabbânî (ö. 1034/1624), çoğunlukla tasavvufa yoğunlaşsa da yaşadığı dönemde İslâm’ın tahrif edilme çabalarına karşı durmuş, itikadi ve siyasi alanlarda mücadele vermiştir. Bu bağlamda o, yaşadığı topraklarda yöneticilik yapan Ekber Şâh’ın (ö. 1014/1605) Dîn-i İlâhî projesinin başarısız olması için gayret sarf etmiştir. İmâm-ı Rabbânî, tasavvufi ve itikadi alanlardaki önemli çalışmalarının yanında birçok fıkıh ve fıkıh tarihi meselesiyle de ilgilenmiştir. Kendinden önceki mirası devralmış birisi olarak fıkıhla ilgili pek çok konuda söz söyleme gereği duymuştur. Bunlardan birisi de Ebû Hanîfe (ö. 150/767) ve onun mezhebi hakkında yapılan tenkitlerdir. İmâm-ı Rabbânî özellikle Mektûbât adlı eserinde ehl-i re’y ve ehl-i hadîs kavramları etrafında gelişen tartışmalara dahil olmuş ve doğal olarak mensup olduğu Hanefî mezhebi ve onun imamı Ebû Hanîfe’yi farklı bakımlardan birtakım delillerle savunma gayretine girmiştir. O, Hanefî imamlarının salt re’yci diye nitelenmelerine karşı çıkmış, onların hadisleri kabul ettiklerini, bunun yanı sıra hüküm istinbatında kendilerine has yöntemlere de sahip olduklarını ifade etmiştir. Yine o, Hanefîliği ele alırken sadece bazı “ilmi” delillerle yetinmemiş, bunların yanında ictihadda Hz. Îsâ ve Ebû Hanîfe benzerliği, Hz. İsâ’nın nüzûlden sonra Hanefî mezhebine uygun amel edeceği ve Hanefî mezhebinin nübüvvet kemâlâtına sahip olması gibi manevi, işari ve tasavvufi argümanlarla da savunmasını güçlendirme yoluna gitmiştir. İmâm-ı Rabbânî muhaliflerin iddialarına bu şekilde karşı cevaplar vererek Hanefî mezhebinin hak üzere olduğunu temellendirmeye çalışmıştır. Bu makalede, İmâm-ı Rabbânî’nin Hanefîliğe yüklediği bazı manevi-işârî vasıflar ile kimi ehl-i hadîsin ileri sürdüğü iddialara karşı verdiği cevaplar ve yaptığı savunmalar ele alınacaktır.",,"İslam Hukuku; Tasavvuf",tr,"Araştırma Makalesi",2024-09-30,2025-04-15,,
1527031,"Türkiye’de Hint Havzasını Konu Alan Fıkıh Çalışmaları: Bir Hasıla",10.17335/sakaifd.1527031,"Ahmet Aydın (BİLECİK ŞEYH EDEBALİ ÜNİVERSİTESİ)","Ahmet Aydın | ORCID: 0000-0002-0943-8813 | BİLECİK ŞEYH EDEBALİ ÜNİVERSİTESİ | BİLECİK ŞEYH EDEBALİ ÜNİVERSİTESİ",,,"Fıkıh,Hanefî Mezhebi,Şâfii Mezhebi,Hint Alt Kıtası,Bâbürlüler","Sakarya Üniversitesi İlahiyat Fakültesi Dergisi",2146-9806,1304-6535,"Sakarya University",2024,26,50,431-463,"Bu araştırma Cumhuriyet tarihinde Hint alt kıtasına yönelik fıkıh çalışmalarının konu aldıkları temel sahalar, tartıştıkları ana meseleler, görüşlerini inceledikleri ulemâ, muhtevâ ve sistematiklerinden bahsettikleri fıkıh metinleri, fıkıh eğitimi ve bölgenin fıkıh ilmine katkılarına yönelik tespitleri üzerinde durarak ülkemizde bu bölgeye yönelik ilmî faaliyetlerin tarihini ve gelişimini değerlendirmeyi hedeflemektedir. Hint alt kıtasının bir medeniyet bir havzasına dönüşümünü sağlayan ilmî disiplinlerden biri de fıkıhtır. Ülkemizde Hint havzası hakkındaki akademik araştırmaların yoğunlaştığı alanların tespiti ve inceleme konusu olmayı bekleyen muhtemel konulara dair bir takım katkılar sunulması bu çalışmanın temel hedefidir. Cumhuriyet dönemi fıkıh çalışmalarına yönelik genel bir manzara sunmayı hedefleyen çalışmalarda Hint bölgesinin eksik bırakıldığı görülmektedir. Zira Hint alt kıtasının başta Hanefî mezhebinin gelişimi olmak üzere fıkıh tarihini yazabilmek çok sayıda araştırmayı gerekli kılmaktadır. Tercüme ve telif yoluyla bu bölgeyi bir yönüyle konu alan fıkıh çalışmalarının tarihi serencâmını incelemek ülkemizde oluşan birikimin durumu ve eksik bırakılan hususların tespiti cihetinden küçük bir katkı sunacaktır.",,"İslam Hukuku",tr,"Araştırma Makalesi",2024-08-02,2024-11-14,,
1470036,"Lisans Dönemi Karşılaştırmalı Fıkıh Eğitimi Üzerine Bir Araştırma: Ürdün ve Türkiye Üniversiteleri Arasında Bir Mukayese",,"Ayşe Aktaş Sivlim (BAYBURT ÜNİVERSİTESİ, İLAHİYAT FAKÜLTESİ)","Ayşe Aktaş Sivlim | ORCID: 0000-0002-5334-5470 | BAYBURT ÜNİVERSİTESİ, İLAHİYAT FAKÜLTESİ | BAYBURT ÜNİVERSİTESİ, İLAHİYAT FAKÜLTESİ",,,"fıkıh,mukayeseli fıkıh,mezhep,Ürdün,Türkiye",Baberti,,3023-4107,"Bayburt University",2024,,19,18-35,"Bu makalede Ürdün ve Türkiye’de fıkıh eğitiminde takip edilen bir yöntem olarak karşılaştırmalı hukukun nasıl ve ne derecede uygulandığı ele alınmakta ve mukayese edilmektedir. Nitekim bu iki ülkedeki fıkıh eğitim sistemi birbirinden farklıdır. Ürdün’de ilahiyat fakülteleri temelde usûlü’d-dîn ve usûlü’l-fıkıh bölümlerine ayrılmaktadır. Türkiye’deki İlahiyat Fakültelerinde ise Ürdün’deki gibi lisans döneminde sadece fıkıh ilmine özgü bir ihtisaslaşma söz konusu değildir. Ürdün’de usûlü’l-fıkıh kısmında detaylı bir şekilde fıkıh dersleri verilmekte, bu dersler çoğunlukla farklı mezheplere bakılarak karşılaştırmalı olarak okutulmakta ve tek bir mezhebe bağlı kalınmamaktadır. Türkiye’deki fıkıh eğitimi ise çoğunlukla Hanefî mezhebi merkeze alınarak yapılmaktadır. Buna karşın Ürdün’de hocalar öğrencileri belli bir mezhebe yönlendirerek eğitim vermemektedir. Ürdün’de mukayeseli İslâm hukuku dersi zorunlu iken Türkiye’de zorunlu değil seçmelidir. Bu iki farklı yöntem; sonuçları ve öğrenciler üzerindeki etkileri açısından da aynı değildir. Netice itibariyle bu çalışmada söz konusu iki ülkedeki fıkıh eğitimi karşılaştırmalı hukukun uygulanması açısından mukayese edilmekte; her iki ülkenin benzer ve farklı yönleri ortaya konulmaktadır.",,"İslam Hukuku",ar,"Araştırma Makalesi",2024-04-17,2024-06-27,,
305403,"Akaidden Fıkha: Hanefî Fıkıh Kitaplarında Elfâz-ı Küfür",10.15869/itobiad.305403,"Said Nuri Akgündüz (ABANT İZZET BAYSAL ÜNİVERSİTESİ, İLAHİYAT FAKÜLTESİ); Zübeyir Bulut (ABANT İZZET BAYSAL ÜNİVERSİTESİ, İLAHİYAT FAKÜLTESİ)","Said Nuri Akgündüz | ABANT İZZET BAYSAL ÜNİVERSİTESİ, İLAHİYAT FAKÜLTESİ | ABANT İZZET BAYSAL ÜNİVERSİTESİ, İLAHİYAT FAKÜLTESİ; Zübeyir Bulut | ABANT İZZET BAYSAL ÜNİVERSİTESİ, İLAHİYAT FAKÜLTESİ | ABANT İZZET BAYSAL ÜNİVERSİTESİ, İLAHİYAT FAKÜLTESİ",,,"Akaid,fıkıh,elfaz-ı küfür,fetava,iman","İnsan ve Toplum Bilimleri Araştırmaları Dergisi",,2147-1185,"Mustafa Süleyman ÖZCAN",2017,6,2,897-920,"<p><font face=""Times New Roman"" size=""3"">

<br /></font></p><p style=""margin:0cm 0cm 6pt 35.45pt;text-align:justify;line-height:normal;text-indent:35.35pt;""><span style=""font-family:'Palatino Linotype', serif;font-size:8pt;"">İman ve küfür, kalbin
amelleri olarak görüldüğünden, ilk olarak akaid ve kelam ilimlerinin inceleme
alanına girer. Bununla beraber, bir insanın iman dairesinden çıkması, yani
küfre düşmesi, özellikle dünyevi sonuçları açısından fıkıh ilmiyle de
ilgilidir. Bu konular, fıkıh kitaplarında dinden dönme (irtidat) bölümü
çerçevesinde detaylı bir şekilde işlenmiştir. Özellikle Hanefi mezhebi
açısından baktığımızda, kurucu müçtehid imamlar devrinden sonra yazılan fetâvâ
(nevâzil) eserlerinde ise, küfür ifade eden söz ve eylemler de gittikçe artan
bir hacimle ele alınmış olup, kısmen de olsa mezhebin temel metinlerinde ve
şerhlerinde bu meselelere yer verilmiştir. Bu çalışmada, Hanefi mezhebi
literatürünün çeşitli türlerinde yer alan elfâz-ı küfür bahislerinin izi
sürülmüş, bu konunun nasıl yer aldığına dair tespitler yapılmıştır. Makale
metninin ekinde ise, bilinen ve elimize ulaşan ilk nevazil eseri olarak kabul
edilen Semerkandî’nin <i>Nevâzil</i> adlı eserinin elfâz-ı küfür meselelerini
ihtiva eden bölümü ve tercümesine yer verilerek, makalede işlenen konuya dair
örnek bir metnin okuyucuya sunulması hedeflenmiştir. </span></p><p><font face=""Times New Roman"" size=""3"">

</font><br /></p>",,,,"Araştırma Makalesi",2017-04-11,2017-04-28,,
